resource,lifecycle_transition,activity,timestamp,case_registration_date,case_id,amount_requested
112,COMPLETE,A_SUBMITTED,2011-10-31 22:37:12.411000+00:00,2011-10-31 22:37:12.411000+00:00,181190,15500
,COMPLETE,W_Completeren aanvraag,2011-10-11 09:17:38.766000+00:00,2011-10-10 21:30:06.312000+00:00,176072,15000
11121,COMPLETE,W_Nabellen incomplete dossiers,2011-11-30 09:16:53.791000+00:00,2011-11-01 10:48:09.508000+00:00,181246,20000
11200,COMPLETE,O_SELECTED,2011-10-10 20:19:39.936000+00:00,2011-10-10 19:29:21.642000+00:00,176033,7000
,COMPLETE,W_Nabellen offertes,2011-11-19 13:01:50.791000+00:00,2011-10-20 14:24:42.810000+00:00,178581,3000
10899,SCHEDULE,W_Valideren aanvraag,2012-01-25 11:41:30.889000+00:00,2011-12-29 19:33:44.525000+00:00,196524,20000
10789,START,W_Nabellen incomplete dossiers,2012-02-10 15:32:02.094000+00:00,2012-01-08 15:13:02.168000+00:00,199014,15000
112,COMPLETE,A_PARTLYSUBMITTED,2012-02-13 10:28:10.164000+00:00,2012-02-13 10:28:09.945000+00:00,208730,10000
,START,W_Completeren aanvraag,2011-12-09 13:14:49.813000+00:00,2011-12-08 21:12:52.988000+00:00,192337,22800
112,COMPLETE,A_SUBMITTED,2012-01-16 15:42:30.940000+00:00,2012-01-16 15:42:30.940000+00:00,201385,9000
10138,COMPLETE,A_ACTIVATED,2011-12-06 15:30:15.950000+00:00,2011-11-25 14:27:19.692000+00:00,188977,5000
11122,START,W_Nabellen incomplete dossiers,2011-11-04 17:50:02.832000+00:00,2011-10-17 19:46:04.976000+00:00,177624,22500
11121,COMPLETE,O_CREATED,2011-12-06 15:27:40.373000+00:00,2011-12-06 14:47:08.599000+00:00,191680,60000
112,COMPLETE,A_PREACCEPTED,2011-11-07 14:36:45.005000+00:00,2011-11-07 14:35:49.151000+00:00,182828,13000
10929,COMPLETE,O_CANCELLED,2012-01-04 13:21:04.515000+00:00,2011-12-27 12:57:10.232000+00:00,195803,25000
10881,START,W_Nabellen offertes,2011-11-02 19:35:48.609000+00:00,2011-10-05 15:58:03.155000+00:00,174818,15000
10972,START,W_Valideren aanvraag,2011-12-07 10:09:12.898000+00:00,2011-11-27 07:48:49.876000+00:00,189265,42500
11180,START,W_Nabellen offertes,2011-10-12 16:47:39.158000+00:00,2011-10-04 20:02:18.954000+00:00,174502,10000
112,COMPLETE,A_PARTLYSUBMITTED,2011-12-10 08:08:01.647000+00:00,2011-12-10 08:08:01.475000+00:00,192512,50000
11119,COMPLETE,W_Completeren aanvraag,2011-11-01 20:52:45.595000+00:00,2011-11-01 16:43:12.282000+00:00,181369,5000
11009,COMPLETE,O_SELECTED,2012-02-06 11:28:11.022000+00:00,2012-02-05 14:28:35.392000+00:00,206594,10000
10138,COMPLETE,W_Valideren aanvraag,2012-02-02 11:56:30.048000+00:00,2012-01-09 17:40:12.748000+00:00,199345,8500
11019,COMPLETE,A_DECLINED,2012-02-02 15:59:25.243000+00:00,2012-02-02 02:21:10.136000+00:00,205800,4500
10863,COMPLETE,O_CREATED,2011-11-14 14:50:03.178000+00:00,2011-11-11 19:14:25.364000+00:00,184652,10000
11000,START,W_Nabellen incomplete dossiers,2012-01-31 10:41:45.920000+00:00,2012-01-23 10:19:00.965000+00:00,203152,15000
10899,COMPLETE,W_Nabellen offertes,2011-12-29 12:04:26.289000+00:00,2011-12-20 18:42:02.448000+00:00,194749,10000
10789,SCHEDULE,W_Valideren aanvraag,2011-12-23 10:22:03.414000+00:00,2011-12-08 18:42:28.316000+00:00,192307,35000
112,COMPLETE,A_PARTLYSUBMITTED,2011-10-14 13:22:02.876000+00:00,2011-10-14 13:22:02.688000+00:00,176963,20000
11049,COMPLETE,W_Nabellen offertes,2012-02-27 11:33:18.532000+00:00,2012-02-10 18:28:53.431000+00:00,208244,50000
10789,COMPLETE,W_Nabellen incomplete dossiers,2012-01-06 12:14:45.231000+00:00,2011-12-18 03:17:24.499000+00:00,194293,25000
112,COMPLETE,A_PARTLYSUBMITTED,2012-02-12 16:55:13.831000+00:00,2012-02-12 16:55:13.571000+00:00,208604,15000
112,SCHEDULE,W_Completeren aanvraag,2012-01-24 19:17:00.733000+00:00,2012-01-24 19:16:21.898000+00:00,203702,10500
11169,START,W_Nabellen incomplete dossiers,2011-12-27 11:06:34.582000+00:00,2011-12-23 17:41:45.856000+00:00,195395,7800
11200,COMPLETE,A_DECLINED,2011-11-07 17:54:20.211000+00:00,2011-11-05 19:39:32.262000+00:00,182494,10000
,COMPLETE,W_Nabellen incomplete dossiers,2011-11-01 10:04:04.127000+00:00,2011-10-21 13:59:43.516000+00:00,178861,5000
11300,COMPLETE,W_Nabellen offertes,2012-02-29 16:17:24.898000+00:00,2012-02-20 15:27:34.321000+00:00,211158,5000
10910,COMPLETE,O_SENT,2011-11-14 11:21:00.669000+00:00,2011-11-13 20:19:57.822000+00:00,185045,26000
10932,COMPLETE,W_Completeren aanvraag,2012-01-09 11:36:11.855000+00:00,2012-01-09 10:29:16.339000+00:00,199183,20000
10913,START,W_Afhandelen leads,2011-10-07 18:18:57.570000+00:00,2011-10-07 18:16:57.018000+00:00,175437,15000
11049,COMPLETE,O_SENT_BACK,2012-02-06 10:33:50.679000+00:00,2012-01-23 23:48:38.658000+00:00,203440,28612
112,SCHEDULE,W_Completeren aanvraag,2011-12-27 14:22:32.894000+00:00,2011-12-27 14:21:55.265000+00:00,195827,30000
11122,COMPLETE,O_CREATED,2012-01-26 19:12:59.969000+00:00,2012-01-26 18:56:51.976000+00:00,204293,40000
11203,START,W_Nabellen incomplete dossiers,2012-02-15 14:55:10.315000+00:00,2012-02-06 17:00:01.182000+00:00,206865,6000
11181,START,W_Nabellen offertes,2011-10-28 19:34:27.136000+00:00,2011-10-05 21:52:08.108000+00:00,174938,5000
11259,COMPLETE,O_SENT_BACK,2012-01-18 13:26:32.424000+00:00,2012-01-10 21:32:58.554000+00:00,199735,7500
10935,COMPLETE,W_Nabellen incomplete dossiers,2012-02-20 12:26:02.230000+00:00,2012-02-04 13:37:43.579000+00:00,206444,34862
112,COMPLETE,A_SUBMITTED,2011-10-26 15:10:56.115000+00:00,2011-10-26 15:10:56.115000+00:00,180001,5000
11180,START,W_Completeren aanvraag,2011-11-14 15:31:28.739000+00:00,2011-11-07 01:30:38.896000+00:00,182686,5000
11049,START,W_Nabellen incomplete dossiers,2011-12-15 12:29:24.065000+00:00,2011-12-05 08:32:23.517000+00:00,191245,50000
10629,COMPLETE,W_Nabellen incomplete dossiers,2012-02-15 09:44:30.908000+00:00,2012-02-04 12:18:14.253000+00:00,206420,5000
11122,START,W_Nabellen offertes,2012-01-03 20:49:02.289000+00:00,2011-12-17 14:40:23.368000+00:00,194224,20000
10929,COMPLETE,O_SELECTED,2012-01-07 15:03:27.123000+00:00,2012-01-06 13:24:41.423000+00:00,198597,10000
112,COMPLETE,A_DECLINED,2012-01-20 10:09:20.792000+00:00,2012-01-20 10:08:43.165000+00:00,202488,5000
11189,SCHEDULE,W_Nabellen offertes,2011-11-24 12:42:02.727000+00:00,2011-11-24 11:39:25.042000+00:00,188678,6000
10929,START,W_Nabellen offertes,2011-12-13 19:18:47.523000+00:00,2011-11-28 20:14:38.745000+00:00,189664,10000
11122,COMPLETE,W_Nabellen offertes,2011-11-09 14:46:40.621000+00:00,2011-11-09 14:31:40.287000+00:00,183471,25000
,COMPLETE,W_Completeren aanvraag,2011-10-15 11:24:10.585000+00:00,2011-10-06 15:37:03.700000+00:00,175096,5000
10609,START,W_Valideren aanvraag,2012-01-19 14:21:39.865000+00:00,2012-01-10 22:19:18.605000+00:00,199753,5000
10972,START,W_Valideren aanvraag,2012-02-03 09:56:06.022000+00:00,2012-01-03 13:10:35.574000+00:00,197515,50000
11189,START,W_Completeren aanvraag,2011-12-29 11:17:22+00:00,2011-12-28 18:41:17.380000+00:00,196186,10000
10861,START,W_Completeren aanvraag,2011-12-30 13:29:29.309000+00:00,2011-12-30 11:05:02.633000+00:00,196678,25000
10972,COMPLETE,A_ACTIVATED,2012-02-06 12:39:44.220000+00:00,2012-01-24 15:10:31.044000+00:00,203585,15000
112,COMPLETE,A_PARTLYSUBMITTED,2012-01-01 14:23:06.396000+00:00,2012-01-01 14:23:06.194000+00:00,196963,5000
112,COMPLETE,A_SUBMITTED,2012-01-24 18:11:54.045000+00:00,2012-01-24 18:11:54.045000+00:00,203663,7500
,START,W_Afhandelen leads,2011-12-01 09:34:32.149000+00:00,2011-11-30 21:29:43.438000+00:00,190285,25000
10909,COMPLETE,A_PREACCEPTED,2011-12-05 10:48:53.806000+00:00,2011-12-04 21:07:24.491000+00:00,191193,7000
10629,START,W_Nabellen incomplete dossiers,2012-02-02 15:17:05.221000+00:00,2012-01-22 13:16:47.775000+00:00,202968,15000
10889,COMPLETE,O_CREATED,2011-12-13 10:56:18.164000+00:00,2011-12-10 22:31:00.154000+00:00,192674,10000
11000,START,W_Completeren aanvraag,2011-12-22 12:15:45.665000+00:00,2011-12-22 11:58:35.155000+00:00,195109,12500
10909,START,W_Nabellen incomplete dossiers,2012-01-23 14:09:59.163000+00:00,2011-12-05 09:49:06.286000+00:00,191266,15000
112,COMPLETE,A_PREACCEPTED,2011-12-21 15:25:47.745000+00:00,2011-12-21 15:25:08.496000+00:00,194958,10000
11259,START,W_Nabellen offertes,2012-01-30 11:27:40.002000+00:00,2012-01-16 15:42:30.940000+00:00,201385,9000
11299,COMPLETE,A_FINALIZED,2012-02-29 15:59:40.648000+00:00,2012-02-28 13:08:02.553000+00:00,213705,7500
10138,SCHEDULE,W_Nabellen incomplete dossiers,2011-11-28 15:25:31.550000+00:00,2011-11-16 19:31:36.698000+00:00,185990,5000
11189,COMPLETE,A_CANCELLED,2011-11-03 15:18:42.900000+00:00,2011-11-03 14:30:54.088000+00:00,181975,10000
11180,COMPLETE,W_Completeren aanvraag,2011-11-14 15:48:53.103000+00:00,2011-11-12 12:04:41.528000+00:00,184757,15000
10629,SCHEDULE,W_Nabellen incomplete dossiers,2012-01-24 15:46:08.694000+00:00,2012-01-12 19:58:03.235000+00:00,200374,9500
10899,COMPLETE,O_SENT_BACK,2012-02-21 11:40:44.215000+00:00,2012-02-10 16:27:46.389000+00:00,208196,15000
11179,COMPLETE,O_SENT,2011-12-07 13:43:39.128000+00:00,2011-12-07 13:19:55.528000+00:00,191929,21000
112,COMPLETE,A_SUBMITTED,2011-10-18 12:39:27.831000+00:00,2011-10-18 12:39:27.831000+00:00,177791,35000
112,COMPLETE,A_PREACCEPTED,2011-10-09 20:37:34.549000+00:00,2011-10-09 20:36:58.521000+00:00,175801,10000
10909,START,W_Nabellen offertes,2012-02-27 10:07:11.414000+00:00,2012-02-25 15:34:26.431000+00:00,212773,16000
10929,COMPLETE,W_Completeren aanvraag,2012-01-10 14:15:50.984000+00:00,2012-01-09 18:30:17.140000+00:00,199363,15000
10909,START,W_Completeren aanvraag,2012-01-07 13:41:18.487000+00:00,2011-12-26 22:25:42.149000+00:00,195669,25000
,START,W_Nabellen incomplete dossiers,2011-10-24 13:30:04.258000+00:00,2011-10-07 13:55:01.268000+00:00,175335,5000
10629,START,W_Valideren aanvraag,2012-01-06 16:55:29.601000+00:00,2011-11-08 16:47:05.815000+00:00,183175,15000
10899,COMPLETE,O_SENT_BACK,2012-03-12 13:46:51.111000+00:00,2012-02-26 15:28:35.212000+00:00,212965,5000
10881,START,W_Nabellen offertes,2011-11-21 18:02:42.587000+00:00,2011-11-10 19:54:15.229000+00:00,184270,8500
10933,COMPLETE,W_Completeren aanvraag,2012-02-27 18:11:28.859000+00:00,2012-02-26 18:09:52.685000+00:00,213001,13000
10939,COMPLETE,W_Afhandelen leads,2012-01-11 19:50:29.984000+00:00,2012-01-11 19:48:00.195000+00:00,200004,15000
10982,COMPLETE,A_DECLINED,2012-02-14 14:03:42.906000+00:00,2012-02-14 13:55:08.932000+00:00,209299,30000
10881,START,W_Nabellen offertes,2012-02-03 11:35:17.159000+00:00,2012-01-29 23:31:15.378000+00:00,204859,32000
11259,COMPLETE,W_Nabellen offertes,2011-11-23 09:50:45.795000+00:00,2011-11-07 10:36:19.856000+00:00,182735,30000
112,COMPLETE,A_SUBMITTED,2011-10-05 17:38:33.188000+00:00,2011-10-05 17:38:33.188000+00:00,174857,14500
112,COMPLETE,A_DECLINED,2012-01-18 19:01:24.939000+00:00,2012-01-18 19:00:49.746000+00:00,202092,500
11000,START,W_Nabellen incomplete dossiers,2011-12-29 16:02:08.127000+00:00,2011-12-19 16:54:20.466000+00:00,194508,15000
11203,START,W_Nabellen offertes,2012-03-01 13:55:00.210000+00:00,2012-02-09 11:34:58.951000+00:00,207777,15000
10913,COMPLETE,W_Nabellen incomplete dossiers,2011-10-28 20:36:02.703000+00:00,2011-10-12 17:38:59.611000+00:00,176515,8000
10861,START,W_Completeren aanvraag,2011-12-27 13:25:48.516000+00:00,2011-12-15 13:29:26.657000+00:00,193774,12000
112,COMPLETE,A_SUBMITTED,2012-01-20 13:41:21.151000+00:00,2012-01-20 13:41:21.151000+00:00,202572,5000
11169,COMPLETE,O_CANCELLED,2012-01-18 16:32:35.704000+00:00,2012-01-06 11:35:39.678000+00:00,198543,15000
10861,START,W_Nabellen offertes,2011-12-27 18:52:45.244000+00:00,2011-12-13 15:05:42.754000+00:00,193255,30000
10899,START,W_Nabellen offertes,2012-02-17 10:43:54.088000+00:00,2012-02-02 23:03:15.262000+00:00,206132,30000
10138,COMPLETE,W_Valideren aanvraag,2012-02-22 10:54:56.388000+00:00,2012-02-11 17:39:56.701000+00:00,208451,16000
10909,COMPLETE,W_Nabellen offertes,2012-02-18 11:00:22.203000+00:00,2012-02-15 11:55:54.230000+00:00,209652,45000
112,COMPLETE,O_CANCELLED,2011-11-13 09:15:35.914000+00:00,2011-10-13 19:07:08.868000+00:00,176786,15000
11122,COMPLETE,O_SELECTED,2012-02-13 18:25:08.174000+00:00,2012-02-13 14:32:52.068000+00:00,208859,8500
11179,START,W_Completeren aanvraag,2011-12-03 15:17:33.657000+00:00,2011-12-02 18:04:23.391000+00:00,190815,22000
10629,COMPLETE,W_Valideren aanvraag,2012-02-16 15:35:44.440000+00:00,2012-01-29 21:13:24.699000+00:00,204841,7000
10861,START,W_Completeren aanvraag,2012-01-14 11:04:12.278000+00:00,2012-01-05 15:45:31.062000+00:00,198343,14000
11180,COMPLETE,W_Nabellen offertes,2012-03-01 10:40:43.141000+00:00,2012-02-26 11:36:18.276000+00:00,212914,10000
10861,COMPLETE,O_CANCELLED,2011-11-21 14:10:00.139000+00:00,2011-11-17 16:26:49.769000+00:00,186382,7300
11003,COMPLETE,W_Afhandelen leads,2012-01-30 14:13:55.251000+00:00,2012-01-29 21:30:10.734000+00:00,204844,8000
10609,COMPLETE,A_DECLINED,2011-11-11 08:47:04.810000+00:00,2011-11-01 18:19:54.775000+00:00,181393,10000
10789,SCHEDULE,W_Nabellen offertes,2011-12-23 16:20:37.784000+00:00,2011-11-28 15:12:06.944000+00:00,189562,25000
10861,COMPLETE,W_Completeren aanvraag,2012-01-18 19:10:16.219000+00:00,2012-01-18 17:49:30.913000+00:00,202074,11000
11201,COMPLETE,W_Completeren aanvraag,2011-11-11 18:42:05.810000+00:00,2011-11-10 23:18:45.274000+00:00,184357,36000
112,COMPLETE,A_SUBMITTED,2012-01-16 14:57:59.060000+00:00,2012-01-16 14:57:59.060000+00:00,201349,5000
,COMPLETE,W_Afhandelen leads,2011-12-01 09:32:09.035000+00:00,2011-11-30 21:19:52.015000+00:00,190282,15000
,START,W_Afhandelen leads,2011-11-28 16:22:50.524000+00:00,2011-11-28 16:02:04.760000+00:00,189577,7500
11259,SCHEDULE,W_Valideren aanvraag,2012-02-02 13:22:55.463000+00:00,2012-01-19 16:38:44.457000+00:00,202325,5000
10909,COMPLETE,O_SENT,2011-11-25 19:49:54.332000+00:00,2011-11-25 19:42:03.926000+00:00,189061,15000
10935,COMPLETE,W_Nabellen incomplete dossiers,2012-01-27 17:39:37.284000+00:00,2012-01-10 14:03:19.088000+00:00,199579,10000
10609,COMPLETE,W_Valideren aanvraag,2012-01-18 07:57:43.266000+00:00,2011-12-29 12:00:35.416000+00:00,196359,7200
10909,COMPLETE,W_Nabellen incomplete dossiers,2012-03-10 15:26:22.908000+00:00,2012-02-15 15:08:59.586000+00:00,209733,7500
10609,COMPLETE,O_DECLINED,2011-11-04 11:56:56.227000+00:00,2011-10-28 10:48:11.071000+00:00,180469,5000
10899,COMPLETE,W_Nabellen offertes,2012-02-17 10:58:48.739000+00:00,2012-01-24 21:26:08.870000+00:00,203732,8500
10929,COMPLETE,W_Completeren aanvraag,2012-01-16 12:31:38.426000+00:00,2012-01-15 11:41:24.984000+00:00,201021,10000
112,COMPLETE,A_PARTLYSUBMITTED,2011-10-23 22:33:51.147000+00:00,2011-10-23 22:33:49.451000+00:00,179320,80000
11169,START,W_Completeren aanvraag,2011-10-11 14:29:59.064000+00:00,2011-10-11 14:17:56.631000+00:00,176185,37000
112,COMPLETE,A_PARTLYSUBMITTED,2012-01-02 00:03:32.859000+00:00,2012-01-02 00:03:32.010000+00:00,197020,1000
10809,SCHEDULE,W_Nabellen incomplete dossiers,2011-12-28 10:51:04.613000+00:00,2011-12-15 12:50:24.801000+00:00,193762,20000
11000,COMPLETE,A_DECLINED,2012-01-24 09:15:02.620000+00:00,2012-01-20 18:16:08.524000+00:00,202668,5000
10899,SCHEDULE,W_Valideren aanvraag,2011-12-22 09:25:56.198000+00:00,2011-12-14 13:16:22.259000+00:00,193473,20000
10972,COMPLETE,A_REGISTERED,2012-01-27 11:50:50.304000+00:00,2012-01-03 08:43:17.392000+00:00,197419,25000
112,COMPLETE,A_SUBMITTED,2011-11-04 14:05:15.153000+00:00,2011-11-04 14:05:15.153000+00:00,182215,10000
11201,START,W_Completeren aanvraag,2011-10-10 17:15:40.402000+00:00,2011-10-09 12:41:32.323000+00:00,175699,40000
10909,START,W_Nabellen incomplete dossiers,2012-03-13 20:27:09.684000+00:00,2012-02-07 10:36:51.045000+00:00,207032,9000
112,COMPLETE,A_PARTLYSUBMITTED,2011-12-12 12:23:03.292000+00:00,2011-12-12 12:23:02.568000+00:00,192900,10000
10889,START,W_Valideren aanvraag,2011-11-16 13:59:02.191000+00:00,2011-11-01 22:59:59.171000+00:00,181480,30000
,START,W_Completeren aanvraag,2011-12-30 19:03:40.991000+00:00,2011-12-23 19:15:22.268000+00:00,195404,26750
10861,COMPLETE,O_CREATED,2011-11-28 19:35:41.680000+00:00,2011-11-25 21:07:39.961000+00:00,189088,8500
,START,W_Afhandelen leads,2011-11-14 09:59:35.137000+00:00,2011-11-13 21:18:06.482000+00:00,185066,40000
10909,COMPLETE,W_Nabellen offertes,2012-02-11 15:44:34.306000+00:00,2012-02-03 13:26:06.449000+00:00,206246,50000
11169,COMPLETE,O_SELECTED,2011-10-18 14:44:07.366000+00:00,2011-10-18 14:28:08.645000+00:00,177836,10000
10889,COMPLETE,A_DECLINED,2012-02-27 13:09:18.231000+00:00,2012-02-25 18:44:46.716000+00:00,212821,25000
10929,COMPLETE,W_Completeren aanvraag,2011-12-05 16:49:35.395000+00:00,2011-12-05 16:31:40.772000+00:00,191416,16000
112,SCHEDULE,W_Completeren aanvraag,2011-11-30 08:46:01.970000+00:00,2011-11-30 08:45:24.598000+00:00,190048,9000
10939,START,W_Nabellen offertes,2011-12-22 18:44:47.105000+00:00,2011-12-07 11:14:11.449000+00:00,191872,10000
11049,SCHEDULE,W_Valideren aanvraag,2012-01-24 13:25:33.942000+00:00,2012-01-06 16:45:52.893000+00:00,198678,3500
11179,START,W_Completeren aanvraag,2012-02-06 11:04:40.252000+00:00,2012-02-05 16:42:18.178000+00:00,206615,22000
11119,COMPLETE,W_Nabellen offertes,2012-02-08 17:30:33.402000+00:00,2012-02-08 14:33:15.885000+00:00,207467,10000
11181,COMPLETE,W_Nabellen offertes,2011-10-18 17:35:56.219000+00:00,2011-10-03 11:06:41.562000+00:00,174012,7500
10929,COMPLETE,W_Completeren aanvraag,2012-01-14 14:04:20.081000+00:00,2012-01-13 20:16:07.794000+00:00,200710,6000
11201,START,W_Completeren aanvraag,2012-02-02 11:32:45.244000+00:00,2012-01-30 10:59:27.732000+00:00,204933,6500
11201,COMPLETE,W_Nabellen offertes,2012-01-18 18:45:40.472000+00:00,2012-01-09 11:42:33.977000+00:00,199213,5000
112,COMPLETE,A_PARTLYSUBMITTED,2012-01-27 15:58:46.303000+00:00,2012-01-27 15:58:46.061000+00:00,204466,10000
10809,COMPLETE,W_Valideren aanvraag,2012-02-29 11:50:20.190000+00:00,2012-02-10 15:00:25.565000+00:00,208139,35000
11121,COMPLETE,O_SELECTED,2011-10-04 19:26:03.389000+00:00,2011-10-04 14:06:12.499000+00:00,174409,25000
10935,COMPLETE,W_Nabellen offertes,2012-02-20 10:16:20.807000+00:00,2012-02-15 11:55:25.992000+00:00,209646,18500
112,COMPLETE,A_PARTLYSUBMITTED,2011-10-15 09:35:13.147000+00:00,2011-10-15 09:35:13.022000+00:00,177134,35000
11169,COMPLETE,W_Nabellen incomplete dossiers,2012-01-31 14:51:20.193000+00:00,2012-01-24 10:34:14.941000+00:00,203501,6000
10881,START,W_Completeren aanvraag,2012-02-08 19:15:22.413000+00:00,2012-02-08 16:15:23.427000+00:00,207506,2000
10861,COMPLETE,W_Nabellen offertes,2011-11-19 16:06:56.577000+00:00,2011-11-03 18:15:13.618000+00:00,182038,10000
,START,W_Nabellen offertes,2011-11-04 15:49:10.635000+00:00,2011-10-22 19:29:54.097000+00:00,179134,18000
11203,START,W_Nabellen offertes,2011-10-26 18:02:50.814000+00:00,2011-10-17 14:51:51.726000+00:00,177528,14000
10138,COMPLETE,A_APPROVED,2012-01-07 11:48:57.657000+00:00,2011-11-12 16:06:55.478000+00:00,184814,15000
10912,COMPLETE,W_Completeren aanvraag,2012-02-01 14:47:13.480000+00:00,2012-02-01 12:58:40.677000+00:00,205583,15000
112,SCHEDULE,W_Afhandelen leads,2012-02-09 14:10:18.099000+00:00,2012-02-09 14:09:49.149000+00:00,207837,7500
11180,COMPLETE,W_Completeren aanvraag,2012-01-30 16:07:30.804000+00:00,2012-01-29 23:31:15.378000+00:00,204859,32000
11180,START,W_Completeren aanvraag,2012-01-18 19:52:03.082000+00:00,2012-01-04 16:06:44.080000+00:00,197963,25000
10912,START,W_Completeren aanvraag,2012-02-17 09:47:17.676000+00:00,2012-02-15 15:49:34.890000+00:00,209754,10000
10971,COMPLETE,O_SENT,2011-10-04 09:40:05.994000+00:00,2011-10-04 09:31:17.618000+00:00,174334,5000
11181,COMPLETE,O_CREATED,2012-02-15 10:35:13.376000+00:00,2012-02-15 10:24:05.395000+00:00,209607,5000
11259,START,W_Nabellen incomplete dossiers,2011-12-28 09:45:10.011000+00:00,2011-12-22 15:45:14.221000+00:00,195160,25000
11049,SCHEDULE,W_Valideren aanvraag,2011-11-28 15:25:55.537000+00:00,2011-10-12 19:12:43.265000+00:00,176542,5500
10909,SCHEDULE,W_Nabellen offertes,2012-02-25 12:35:48.854000+00:00,2012-02-25 10:26:01.118000+00:00,212671,4000
10629,COMPLETE,O_DECLINED,2012-02-20 10:30:04.844000+00:00,2012-02-06 14:04:09.700000+00:00,206790,16000
10929,START,W_Nabellen incomplete dossiers,2011-11-17 19:03:40.589000+00:00,2011-10-12 13:26:14.148000+00:00,176446,15883
11181,COMPLETE,A_DECLINED,2012-02-02 17:43:08.774000+00:00,2012-01-23 09:29:19.156000+00:00,203137,8500
112,COMPLETE,A_SUBMITTED,2011-10-07 21:28:57.734000+00:00,2011-10-07 21:28:57.734000+00:00,175491,17000
10609,COMPLETE,O_ACCEPTED,2011-10-28 16:24:27.975000+00:00,2011-10-10 22:40:02.143000+00:00,176090,7500
112,COMPLETE,A_PARTLYSUBMITTED,2012-02-17 13:23:38.308000+00:00,2012-02-17 13:23:37.208000+00:00,210368,2500
11049,SCHEDULE,W_Valideren aanvraag,2012-01-02 13:51:25.493000+00:00,2011-12-01 16:24:33.236000+00:00,190522,15800
112,SCHEDULE,W_Afhandelen leads,2012-01-02 11:52:07.972000+00:00,2012-01-02 11:51:57.291000+00:00,197084,8500
10629,COMPLETE,A_APPROVED,2011-10-17 12:06:37.429000+00:00,2011-10-05 20:38:44.263000+00:00,174911,5000
10932,START,W_Nabellen offertes,2012-02-22 14:12:03.792000+00:00,2012-02-15 10:10:36.503000+00:00,209595,13000
112,COMPLETE,A_SUBMITTED,2012-02-07 18:23:57.977000+00:00,2012-02-07 18:23:57.977000+00:00,207236,17500
112,COMPLETE,A_DECLINED,2011-10-23 21:46:55.505000+00:00,2011-10-23 21:46:14.420000+00:00,179308,5000
10931,COMPLETE,W_Completeren aanvraag,2012-02-25 12:16:30.132000+00:00,2012-02-25 12:09:50.504000+00:00,212710,31000
,COMPLETE,W_Completeren aanvraag,2011-10-17 13:31:34.606000+00:00,2011-10-17 13:21:51.145000+00:00,177492,25000
112,COMPLETE,A_SUBMITTED,2011-12-21 11:06:58.920000+00:00,2011-12-21 11:06:58.920000+00:00,194898,10000
,COMPLETE,W_Nabellen offertes,2011-10-24 11:49:26.074000+00:00,2011-10-14 20:18:34.645000+00:00,177068,18000
11202,COMPLETE,O_SELECTED,2011-10-05 17:04:09.581000+00:00,2011-10-05 15:58:03.155000+00:00,174818,15000
10138,START,W_Valideren aanvraag,2012-01-13 13:38:29.574000+00:00,2012-01-03 15:37:46.266000+00:00,197590,32000
10982,COMPLETE,A_DECLINED,2012-01-04 20:53:42.310000+00:00,2012-01-04 20:43:11.085000+00:00,198095,6000
11180,COMPLETE,W_Completeren aanvraag,2012-01-30 14:04:37.892000+00:00,2012-01-25 19:11:32.506000+00:00,204018,15000
11180,COMPLETE,W_Nabellen offertes,2011-11-14 19:34:30.666000+00:00,2011-10-28 19:56:51.317000+00:00,180589,7500
112,COMPLETE,A_SUBMITTED,2012-02-14 21:34:37.253000+00:00,2012-02-14 21:34:37.253000+00:00,209467,30000
11189,COMPLETE,A_DECLINED,2011-11-10 13:50:54.493000+00:00,2011-11-09 16:12:35.159000+00:00,183513,10000
10138,COMPLETE,O_CANCELLED,2012-02-09 12:48:21.650000+00:00,2012-01-26 19:21:05.535000+00:00,204302,8000
10609,SCHEDULE,W_Nabellen incomplete dossiers,2011-11-11 10:20:21.809000+00:00,2011-11-04 08:18:43.202000+00:00,182122,5000
10188,START,W_Beoordelen fraude,2011-11-24 09:55:32.892000+00:00,2011-11-16 10:19:47.788000+00:00,185777,15000
11119,COMPLETE,O_SELECTED,2011-12-14 19:20:53.349000+00:00,2011-12-14 19:03:43.868000+00:00,193608,15000
11049,COMPLETE,W_Nabellen incomplete dossiers,2012-01-30 09:25:46.072000+00:00,2012-01-14 21:16:38.584000+00:00,200976,40000
10863,COMPLETE,W_Nabellen incomplete dossiers,2012-02-08 14:19:45.565000+00:00,2012-01-02 15:28:39.244000+00:00,197219,10000
10939,COMPLETE,W_Nabellen incomplete dossiers,2011-10-27 20:43:41.419000+00:00,2011-10-04 11:34:32.396000+00:00,174358,6000
11201,COMPLETE,O_SELECTED,2011-12-27 10:53:33.498000+00:00,2011-12-22 11:58:20.990000+00:00,195106,6500
11049,COMPLETE,O_SENT_BACK,2011-12-29 12:03:09.789000+00:00,2011-12-21 20:28:01.601000+00:00,195024,16000
11049,COMPLETE,O_SENT_BACK,2011-10-24 11:28:06.123000+00:00,2011-10-14 22:07:17.319000+00:00,177089,10000
112,COMPLETE,A_SUBMITTED,2012-02-15 10:38:55.836000+00:00,2012-02-15 10:38:55.836000+00:00,209613,3000
11000,COMPLETE,A_DECLINED,2012-02-16 16:18:27.461000+00:00,2012-02-15 14:34:58.422000+00:00,209715,35000
10913,START,W_Completeren aanvraag,2011-11-30 12:03:23.213000+00:00,2011-11-30 08:45:24.598000+00:00,190048,9000
11259,SCHEDULE,W_Valideren aanvraag,2012-01-27 11:44:16.852000+00:00,2012-01-23 19:30:51.848000+00:00,203347,7400
10899,SCHEDULE,W_Valideren aanvraag,2011-12-14 10:55:02.331000+00:00,2011-12-03 23:02:29.710000+00:00,191052,31500
10861,START,W_Completeren aanvraag,2012-02-08 10:02:49.822000+00:00,2012-01-24 23:42:12.576000+00:00,203768,30000
112,COMPLETE,A_SUBMITTED,2011-12-10 03:32:49.295000+00:00,2011-12-10 03:32:49.295000+00:00,192506,350
11003,COMPLETE,W_Completeren aanvraag,2012-01-06 15:48:52.046000+00:00,2012-01-04 18:49:10.044000+00:00,198026,15000
10912,COMPLETE,W_Afhandelen leads,2012-02-16 11:10:17.977000+00:00,2012-02-16 10:24:34.539000+00:00,210032,4400
11259,COMPLETE,W_Nabellen offertes,2012-01-23 11:35:27.716000+00:00,2012-01-10 23:50:51.550000+00:00,199768,38000
11122,COMPLETE,O_CANCELLED,2011-12-21 17:42:08.503000+00:00,2011-12-17 13:00:44.235000+00:00,194206,25000
10899,START,W_Nabellen incomplete dossiers,2012-01-12 10:00:41.311000+00:00,2011-12-15 17:02:55.930000+00:00,193819,40000
112,COMPLETE,A_PARTLYSUBMITTED,2012-02-19 21:16:29.900000+00:00,2012-02-19 21:16:29.798000+00:00,210911,15000
10909,COMPLETE,O_SELECTED,2012-01-30 11:12:53.625000+00:00,2012-01-28 12:43:51.408000+00:00,204592,25000
11121,COMPLETE,A_PREACCEPTED,2011-11-30 11:50:51.518000+00:00,2011-11-30 11:30:35.299000+00:00,190111,3000
11119,START,W_Nabellen offertes,2011-12-14 20:15:19.021000+00:00,2011-11-19 18:47:31.985000+00:00,187427,40000
11119,COMPLETE,A_ACCEPTED,2012-01-12 17:54:29.341000+00:00,2012-01-11 20:53:13.201000+00:00,200040,7000
112,SCHEDULE,W_Afhandelen leads,2012-02-25 00:06:22.736000+00:00,2012-02-25 00:05:33.254000+00:00,212653,8000
11119,START,W_Afhandelen leads,2012-02-02 19:20:45.577000+00:00,2012-02-02 18:54:03.855000+00:00,205993,2500
10861,COMPLETE,W_Completeren aanvraag,2011-12-21 16:38:17.175000+00:00,2011-12-20 21:57:24.429000+00:00,194797,24500
,COMPLETE,W_Nabellen offertes,2011-12-23 19:44:55.445000+00:00,2011-12-13 19:35:47.272000+00:00,193339,10000
11003,START,W_Nabellen offertes,2012-02-16 16:29:31.976000+00:00,2012-02-11 13:25:16.397000+00:00,208403,10000
112,COMPLETE,A_SUBMITTED,2011-12-05 08:38:58.115000+00:00,2011-12-05 08:38:58.115000+00:00,191248,20000
112,COMPLETE,A_SUBMITTED,2012-01-07 17:46:48.824000+00:00,2012-01-07 17:46:48.824000+00:00,198858,4000
10899,SCHEDULE,W_Valideren aanvraag,2012-02-27 10:53:04.159000+00:00,2012-02-08 20:12:13.100000+00:00,207614,3000
10861,COMPLETE,W_Completeren aanvraag,2011-10-20 15:33:09.950000+00:00,2011-10-20 14:40:00.805000+00:00,178590,15000
10881,START,W_Nabellen incomplete dossiers,2012-03-07 17:02:58.386000+00:00,2012-02-27 15:00:36.256000+00:00,213300,5500
11203,SCHEDULE,W_Nabellen offertes,2011-12-09 20:03:05.668000+00:00,2011-12-09 19:27:17.714000+00:00,192464,5000
112,COMPLETE,A_PARTLYSUBMITTED,2011-10-24 10:14:23.347000+00:00,2011-10-24 10:14:23.027000+00:00,179354,25000
10912,COMPLETE,O_CREATED,2012-02-17 17:04:24.785000+00:00,2012-02-16 21:50:13.190000+00:00,210269,8000
112,COMPLETE,A_PARTLYSUBMITTED,2012-02-29 17:19:30.034000+00:00,2012-02-29 17:19:29.846000+00:00,214199,15000
10629,SCHEDULE,W_Nabellen incomplete dossiers,2011-11-25 10:29:01.926000+00:00,2011-11-17 09:17:44.994000+00:00,186151,15000
10861,COMPLETE,W_Nabellen offertes,2011-12-03 09:15:50.529000+00:00,2011-11-02 14:28:19.591000+00:00,181658,20000
,SCHEDULE,W_Valideren aanvraag,2011-10-20 09:39:30.373000+00:00,2011-10-05 18:47:11.468000+00:00,174872,18000
112,COMPLETE,A_PARTLYSUBMITTED,2011-10-17 11:13:54.996000+00:00,2011-10-17 11:13:54.891000+00:00,177438,15000
10863,COMPLETE,W_Completeren aanvraag,2012-02-08 18:12:59.263000+00:00,2012-02-06 09:19:44.079000+00:00,206685,5000
11049,START,W_Completeren aanvraag,2012-01-05 09:12:20.448000+00:00,2012-01-04 18:19:03.099000+00:00,198014,13000
11120,COMPLETE,A_FINALIZED,2011-10-03 09:26:10.576000+00:00,2011-10-01 19:14:15.425000+00:00,173790,5000
11049,COMPLETE,W_Nabellen incomplete dossiers,2012-02-16 12:20:58.740000+00:00,2012-01-26 01:30:54.667000+00:00,204099,15000
10932,START,W_Completeren aanvraag,2011-12-27 14:25:38.455000+00:00,2011-12-26 12:15:20.135000+00:00,195603,19500
11203,START,W_Nabellen offertes,2012-01-23 20:13:01.002000+00:00,2012-01-15 20:46:54.482000+00:00,201141,9000
10609,START,W_Valideren aanvraag,2012-02-03 13:59:42.406000+00:00,2012-01-15 11:41:24.984000+00:00,201021,10000
10861,COMPLETE,O_CREATED,2012-01-18 15:35:06.194000+00:00,2012-01-18 02:09:07.029000+00:00,201854,50000
11200,COMPLETE,O_CREATED,2011-11-03 19:58:09.828000+00:00,2011-11-03 18:25:46.817000+00:00,182044,3500
11201,COMPLETE,W_Completeren aanvraag,2011-12-08 18:55:40.828000+00:00,2011-12-08 13:20:27.919000+00:00,192214,35000
11203,COMPLETE,W_Nabellen offertes,2012-03-02 15:11:02.147000+00:00,2012-02-22 17:04:31.903000+00:00,211859,7000
10932,COMPLETE,O_SENT,2011-12-22 14:35:17.074000+00:00,2011-12-22 13:33:02.796000+00:00,195124,25000
10881,START,W_Nabellen incomplete dossiers,2012-02-01 18:59:15.582000+00:00,2012-01-11 22:25:44.559000+00:00,200082,10000
10913,COMPLETE,A_ACCEPTED,2011-12-17 14:34:46.494000+00:00,2011-12-17 14:18:26.960000+00:00,194218,8000
,START,W_Nabellen offertes,2011-10-15 14:55:30.075000+00:00,2011-10-04 23:49:56.529000+00:00,174568,5000
11179,SCHEDULE,W_Nabellen offertes,2011-10-20 19:02:24.192000+00:00,2011-10-20 18:36:13.634000+00:00,178656,15000
11179,COMPLETE,A_ACCEPTED,2011-12-27 14:20:29.565000+00:00,2011-12-26 12:44:07.384000+00:00,195606,5000
10913,START,W_Completeren aanvraag,2011-10-18 13:25:29.093000+00:00,2011-10-17 22:52:01.596000+00:00,177687,5000
10881,START,W_Nabellen incomplete dossiers,2011-12-07 17:24:54.037000+00:00,2011-11-22 11:48:04.508000+00:00,188065,20000
11049,SCHEDULE,W_Valideren aanvraag,2012-02-06 10:58:33.022000+00:00,2012-01-10 10:37:41.198000+00:00,199537,50000
112,SCHEDULE,W_Completeren aanvraag,2012-02-28 15:46:18.506000+00:00,2012-02-28 15:45:36.624000+00:00,213771,10000
,START,W_Nabellen offertes,2011-10-12 11:17:17.473000+00:00,2011-10-05 15:10:39.426000+00:00,174773,5000
112,COMPLETE,A_PARTLYSUBMITTED,2011-11-10 23:57:45.141000+00:00,2011-11-10 23:57:44.496000+00:00,184363,6000
10899,COMPLETE,O_SENT_BACK,2011-11-10 10:37:37.127000+00:00,2011-10-14 00:10:16.225000+00:00,176858,5000
10863,COMPLETE,W_Nabellen offertes,2011-11-14 20:32:54.705000+00:00,2011-10-24 22:37:02.515000+00:00,179585,18000
11003,COMPLETE,W_Completeren aanvraag,2012-02-16 09:15:31.590000+00:00,2012-01-16 20:49:19.644000+00:00,201487,8000
112,COMPLETE,A_PARTLYSUBMITTED,2012-01-25 14:07:44.395000+00:00,2012-01-25 14:07:44.223000+00:00,203937,5000
10939,COMPLETE,O_SENT,2011-11-23 14:37:33.138000+00:00,2011-11-22 19:48:51.046000+00:00,188194,14000
112,COMPLETE,A_PARTLYSUBMITTED,2011-12-31 09:40:54.884000+00:00,2011-12-31 09:40:54.519000+00:00,196867,6000
11169,COMPLETE,W_Afhandelen leads,2012-03-01 09:27:41.325000+00:00,2012-02-29 23:51:16.799000+00:00,214376,15000
10910,COMPLETE,W_Afhandelen leads,2011-12-06 14:22:23.507000+00:00,2011-12-06 14:16:49.930000+00:00,191674,15000
11202,COMPLETE,O_SENT,2012-02-03 20:19:44.174000+00:00,2012-02-03 19:54:57.395000+00:00,206357,35000
11181,START,W_Nabellen offertes,2011-11-14 18:09:33.955000+00:00,2011-11-14 16:49:55.093000+00:00,185261,8000
112,COMPLETE,A_PARTLYSUBMITTED,2012-02-15 22:13:18.942000+00:00,2012-02-15 22:13:18.716000+00:00,209945,12500
112,SCHEDULE,W_Afhandelen leads,2011-10-14 13:20:09.779000+00:00,2011-10-14 13:19:52.508000+00:00,176960,36500
11049,COMPLETE,W_Nabellen offertes,2012-01-16 11:03:52.530000+00:00,2012-01-06 23:37:30.716000+00:00,198744,10000
10629,SCHEDULE,W_Nabellen incomplete dossiers,2012-02-11 13:33:49.846000+00:00,2012-01-20 12:09:13.574000+00:00,202539,7500
10913,COMPLETE,W_Completeren aanvraag,2012-01-21 16:42:19.479000+00:00,2012-01-10 21:23:02.915000+00:00,199732,14600
10913,START,W_Nabellen incomplete dossiers,2012-02-23 10:42:23.808000+00:00,2012-02-15 11:57:19.924000+00:00,209655,10000
11049,START,W_Nabellen incomplete dossiers,2011-11-10 12:02:48.047000+00:00,2011-10-24 10:14:23.027000+00:00,179354,25000
10889,COMPLETE,O_SENT,2012-01-31 19:36:50.707000+00:00,2012-01-31 19:07:39.896000+00:00,205379,35000
112,COMPLETE,A_PARTLYSUBMITTED,2012-01-05 17:10:50.175000+00:00,2012-01-05 17:10:49.862000+00:00,198367,50000
11189,COMPLETE,W_Completeren aanvraag,2011-11-15 11:54:47.398000+00:00,2011-11-14 15:23:32.957000+00:00,185246,30000
10932,COMPLETE,W_Afhandelen leads,2012-02-04 10:42:19.407000+00:00,2012-02-04 00:05:35.348000+00:00,206396,2000
11179,COMPLETE,W_Completeren aanvraag,2011-10-04 17:42:15.104000+00:00,2011-10-03 17:58:26.990000+00:00,174159,40000
,START,W_Nabellen incomplete dossiers,2011-11-04 12:05:05.504000+00:00,2011-10-11 15:39:45.601000+00:00,176218,20000
10910,COMPLETE,A_DECLINED,2012-01-02 09:36:57.977000+00:00,2012-01-01 05:16:33.625000+00:00,196933,10000
11181,START,W_Completeren aanvraag,2012-01-05 11:24:35.966000+00:00,2012-01-04 14:32:05.245000+00:00,197924,5000
112,COMPLETE,A_CANCELLED,2012-03-08 09:15:22.636000+00:00,2012-02-06 16:58:00.509000+00:00,206862,20000
11319,COMPLETE,A_ACCEPTED,2012-02-27 14:51:13.702000+00:00,2012-02-27 14:13:04.521000+00:00,213279,25000
10972,COMPLETE,W_Valideren aanvraag,2012-02-15 12:56:05.733000+00:00,2012-01-28 13:40:06.264000+00:00,204607,6875
112,SCHEDULE,W_Completeren aanvraag,2012-01-30 10:02:26.734000+00:00,2012-01-30 10:01:49.275000+00:00,204906,10000
11169,START,W_Completeren aanvraag,2012-02-28 10:18:04.966000+00:00,2012-02-28 10:00:54.563000+00:00,213621,30000
10609,COMPLETE,W_Valideren aanvraag,2012-03-13 11:24:25.787000+00:00,2012-02-20 07:52:42.162000+00:00,210957,25000
,COMPLETE,W_Nabellen offertes,2012-01-14 14:30:33.159000+00:00,2011-12-23 18:06:00.340000+00:00,195401,30000
,COMPLETE,W_Completeren aanvraag,2011-11-30 18:10:13.411000+00:00,2011-11-30 11:30:35.299000+00:00,190111,3000
10913,SCHEDULE,W_Nabellen offertes,2012-01-07 12:46:39.121000+00:00,2012-01-06 13:07:50.797000+00:00,198582,25000
11180,START,W_Completeren aanvraag,2011-10-03 10:37:42.210000+00:00,2011-10-02 22:51:17.311000+00:00,173946,8000
11003,COMPLETE,W_Nabellen offertes,2012-02-23 20:32:02.449000+00:00,2012-01-30 20:08:27.862000+00:00,205110,40000
,START,W_Nabellen offertes,2012-01-19 11:44:30.671000+00:00,2012-01-02 12:53:34.002000+00:00,197108,10000
10933,COMPLETE,W_Completeren aanvraag,2012-02-01 18:44:43.583000+00:00,2012-01-31 22:11:59.510000+00:00,205465,22500
10889,START,W_Nabellen offertes,2012-01-24 14:05:20.287000+00:00,2012-01-15 23:39:00.932000+00:00,201177,8500
,COMPLETE,W_Nabellen offertes,2011-11-09 09:20:04.414000+00:00,2011-11-02 10:57:15.819000+00:00,181565,3500
112,COMPLETE,A_SUBMITTED,2012-01-24 16:10:13.829000+00:00,2012-01-24 16:10:13.828000+00:00,203606,30000
10909,COMPLETE,W_Nabellen offertes,2012-02-08 18:07:53.997000+00:00,2012-02-01 17:00:37.218000+00:00,205655,8500
11000,COMPLETE,W_Completeren aanvraag,2012-01-26 11:11:13.714000+00:00,2012-01-25 22:08:32.751000+00:00,204078,46012
11180,COMPLETE,A_ACCEPTED,2011-10-19 14:59:35.141000+00:00,2011-10-19 14:46:00.888000+00:00,178242,25000
11122,COMPLETE,O_CREATED,2012-01-20 20:37:35.759000+00:00,2012-01-20 20:28:26.697000+00:00,202701,15000
10863,START,W_Nabellen incomplete dossiers,2012-02-08 14:40:14.649000+00:00,2011-12-22 21:51:37.590000+00:00,195247,45000
10913,START,W_Completeren aanvraag,2012-02-20 16:57:12.663000+00:00,2012-02-20 15:00:32.906000+00:00,211137,15000
10912,COMPLETE,A_DECLINED,2012-01-20 18:17:39.256000+00:00,2012-01-20 17:46:59.963000+00:00,202665,10000
11181,START,W_Completeren aanvraag,2011-11-01 13:35:46.019000+00:00,2011-10-31 00:07:26.919000+00:00,180889,9000
112,SCHEDULE,W_Completeren aanvraag,2011-12-09 11:32:18.364000+00:00,2011-12-09 11:31:39.244000+00:00,192392,30000
112,COMPLETE,A_SUBMITTED,2011-12-12 17:54:29.811000+00:00,2011-12-12 17:54:29.811000+00:00,193023,20000
10861,COMPLETE,W_Afhandelen leads,2012-01-11 13:25:15.945000+00:00,2012-01-10 21:20:18.275000+00:00,199729,5000
11203,START,W_Completeren aanvraag,2011-11-04 18:51:20.742000+00:00,2011-11-04 17:07:11.080000+00:00,182290,5000
11180,COMPLETE,O_CANCELLED,2011-10-24 16:39:55.042000+00:00,2011-10-13 14:53:15.302000+00:00,176714,25000
10909,COMPLETE,A_CANCELLED,2011-10-27 20:42:25.972000+00:00,2011-10-20 13:58:28.009000+00:00,178569,30000
10609,COMPLETE,W_Nabellen incomplete dossiers,2011-12-05 16:13:32.939000+00:00,2011-11-17 22:01:36.496000+00:00,186739,60000
10939,COMPLETE,W_Nabellen offertes,2011-11-25 11:57:33.175000+00:00,2011-11-16 22:46:29.676000+00:00,186100,30000
112,SCHEDULE,W_Afhandelen leads,2012-02-16 14:29:16.895000+00:00,2012-02-16 14:28:36.871000+00:00,210149,35000
11121,START,W_Nabellen offertes,2011-10-25 16:17:10.824000+00:00,2011-10-14 15:36:45.931000+00:00,177002,10000
11189,COMPLETE,W_Nabellen offertes,2011-12-28 11:12:00.746000+00:00,2011-12-15 00:46:32.979000+00:00,193689,15000
11180,COMPLETE,W_Nabellen offertes,2011-10-24 15:16:10.750000+00:00,2011-10-06 12:12:22.123000+00:00,175039,6000
10912,START,W_Completeren aanvraag,2012-02-08 14:46:45.391000+00:00,2012-02-08 14:43:12.296000+00:00,207473,3000
10909,COMPLETE,W_Nabellen offertes,2011-12-22 19:34:12.081000+00:00,2011-12-16 12:43:00.752000+00:00,194016,10000
10881,START,W_Nabellen offertes,2011-10-25 16:11:48.999000+00:00,2011-10-01 21:07:54.696000+00:00,173805,5000
11121,COMPLETE,A_PREACCEPTED,2011-10-19 19:43:17.880000+00:00,2011-10-19 19:40:08.004000+00:00,178362,10000
11049,COMPLETE,W_Nabellen incomplete dossiers,2011-12-15 14:17:13.873000+00:00,2011-11-15 13:42:45.592000+00:00,185548,20000
112,COMPLETE,A_PARTLYSUBMITTED,2011-12-03 00:06:33.540000+00:00,2011-12-03 00:06:30.429000+00:00,190851,5000
11202,COMPLETE,O_CREATED,2012-01-27 15:28:42.175000+00:00,2012-01-26 11:04:09.380000+00:00,204158,16000
11189,COMPLETE,W_Completeren aanvraag,2011-10-26 14:40:32.874000+00:00,2011-10-23 21:14:43.901000+00:00,179299,15000
10609,START,W_Valideren aanvraag,2011-10-24 10:43:24.397000+00:00,2011-10-12 11:25:08.115000+00:00,176404,5000
11259,COMPLETE,O_SENT_BACK,2012-02-08 11:04:32.148000+00:00,2012-01-23 18:11:57.465000+00:00,203320,7000
10609,COMPLETE,W_Valideren aanvraag,2012-02-14 14:05:47.704000+00:00,2012-01-16 11:16:01.238000+00:00,201271,7000
112,SCHEDULE,W_Completeren aanvraag,2011-12-22 22:26:22.387000+00:00,2011-12-22 22:25:42.575000+00:00,195262,25000
10899,COMPLETE,O_SENT_BACK,2012-02-15 17:49:33.212000+00:00,2012-02-09 11:41:41.654000+00:00,207783,6500
11003,COMPLETE,W_Completeren aanvraag,2012-02-16 14:52:29.881000+00:00,2012-02-15 11:21:23.343000+00:00,209628,30000
112,COMPLETE,A_SUBMITTED,2012-01-17 11:10:01.460000+00:00,2012-01-17 11:10:01.459000+00:00,201635,12000
11201,START,W_Nabellen offertes,2012-01-17 13:38:07.021000+00:00,2012-01-02 08:35:54.627000+00:00,197042,2000
10910,START,W_Nabellen incomplete dossiers,2012-01-12 14:58:12.138000+00:00,2012-01-03 10:46:12.074000+00:00,197455,11300
112,COMPLETE,A_PARTLYSUBMITTED,2012-02-12 21:44:15.056000+00:00,2012-02-12 21:44:14.534000+00:00,208652,20000
10933,START,W_Afhandelen leads,2012-02-13 19:26:03.543000+00:00,2012-02-13 17:32:38.898000+00:00,208991,5000
10609,COMPLETE,W_Nabellen incomplete dossiers,2011-12-15 15:31:40.529000+00:00,2011-11-28 12:12:55.207000+00:00,189496,10000
11203,COMPLETE,A_ACCEPTED,2011-12-05 19:05:36.729000+00:00,2011-12-03 11:03:08.790000+00:00,190899,10000
10935,COMPLETE,W_Afhandelen leads,2012-02-13 16:30:55.917000+00:00,2012-02-13 15:34:05.275000+00:00,208898,23925
112,SCHEDULE,W_Afhandelen leads,2011-11-22 21:28:19.190000+00:00,2011-11-22 21:28:14.223000+00:00,188224,45000
10609,COMPLETE,W_Valideren aanvraag,2012-03-09 12:22:04.515000+00:00,2012-02-29 10:55:11.775000+00:00,214025,10000
10138,START,W_Valideren aanvraag,2011-10-27 14:39:31.895000+00:00,2011-10-17 18:12:41.597000+00:00,177603,12000
10881,START,W_Nabellen incomplete dossiers,2012-03-13 11:02:31.218000+00:00,2012-02-27 16:11:33.862000+00:00,213342,25000
10809,START,W_Valideren aanvraag,2011-12-21 11:57:14.450000+00:00,2011-12-13 10:03:11.158000+00:00,193174,8500
11000,COMPLETE,A_ACCEPTED,2012-02-14 15:54:06.312000+00:00,2012-02-13 19:48:53.695000+00:00,209066,7500
10138,COMPLETE,O_SENT_BACK,2011-12-23 12:17:54.965000+00:00,2011-12-12 13:50:16.898000+00:00,192930,15000
11203,COMPLETE,A_PREACCEPTED,2012-02-20 15:05:48.014000+00:00,2012-02-19 22:51:11.012000+00:00,210932,18000
112,SCHEDULE,W_Completeren aanvraag,2011-11-18 14:29:57.428000+00:00,2011-11-18 14:29:14.997000+00:00,187025,17500
10939,COMPLETE,W_Nabellen offertes,2012-01-03 11:52:22.182000+00:00,2011-12-29 13:52:16.718000+00:00,196398,5000
11169,START,W_Afhandelen leads,2012-02-02 09:15:11.015000+00:00,2012-02-01 23:06:24.396000+00:00,205788,10000
,COMPLETE,W_Completeren aanvraag,2011-10-27 18:03:07.346000+00:00,2011-10-27 16:31:28.943000+00:00,180298,30000
10933,COMPLETE,W_Completeren aanvraag,2012-02-09 19:11:34.923000+00:00,2012-02-08 14:43:12.296000+00:00,207473,3000
,COMPLETE,W_Nabellen offertes,2012-01-30 10:49:59.880000+00:00,2012-01-23 19:19:53.395000+00:00,203341,12500
10982,COMPLETE,W_Nabellen incomplete dossiers,2012-02-01 12:04:47.806000+00:00,2012-01-26 15:58:28.368000+00:00,204257,5000
10939,COMPLETE,W_Completeren aanvraag,2011-12-02 19:53:52.355000+00:00,2011-11-30 11:30:35.299000+00:00,190111,3000
11180,COMPLETE,W_Completeren aanvraag,2011-10-27 19:39:16.768000+00:00,2011-10-22 22:13:29.156000+00:00,179158,7950
11002,COMPLETE,W_Nabellen incomplete dossiers,2012-01-24 12:48:57.373000+00:00,2011-12-06 22:05:09.610000+00:00,191797,5000
10861,COMPLETE,A_DECLINED,2012-01-05 09:31:40.026000+00:00,2012-01-04 22:04:24.685000+00:00,198134,7500
10939,START,W_Nabellen incomplete dossiers,2011-12-08 14:53:44.782000+00:00,2011-11-28 21:09:28.525000+00:00,189691,5000
10899,COMPLETE,W_Nabellen offertes,2012-03-07 10:07:58.614000+00:00,2012-02-14 21:16:36.216000+00:00,209455,40000
112,COMPLETE,A_DECLINED,2012-02-27 21:29:43.809000+00:00,2012-02-27 21:29:07.262000+00:00,213531,5500
11180,START,W_Completeren aanvraag,2011-11-17 20:43:29.620000+00:00,2011-11-17 17:44:47.856000+00:00,186496,20000
112,COMPLETE,A_PARTLYSUBMITTED,2011-10-31 17:28:10.377000+00:00,2011-10-31 17:28:10.124000+00:00,181073,12000
11181,START,W_Completeren aanvraag,2011-10-17 20:20:57.758000+00:00,2011-10-17 17:11:18.438000+00:00,177582,10000
10929,COMPLETE,W_Completeren aanvraag,2012-01-03 15:28:49.571000+00:00,2012-01-03 11:01:21.151000+00:00,197470,5000
10932,START,W_Completeren aanvraag,2011-12-09 15:01:13.827000+00:00,2011-12-09 14:25:46.988000+00:00,192425,25000
10972,START,W_Valideren aanvraag,2011-11-08 12:13:09.686000+00:00,2011-10-25 22:35:00.426000+00:00,179856,15000
112,COMPLETE,A_SUBMITTED,2011-11-08 13:33:47.857000+00:00,2011-11-08 13:33:47.857000+00:00,183076,5000
11009,START,W_Nabellen incomplete dossiers,2011-12-20 13:45:50.046000+00:00,2011-12-02 08:41:54.070000+00:00,190662,9500
112,COMPLETE,A_PARTLYSUBMITTED,2011-11-17 21:30:10.863000+00:00,2011-11-17 21:30:10.726000+00:00,186709,5000
10972,COMPLETE,W_Valideren aanvraag,2012-01-24 13:27:07.348000+00:00,2012-01-12 16:30:20.344000+00:00,200296,5000
10899,START,W_Nabellen offertes,2011-11-22 12:02:56.359000+00:00,2011-11-16 10:19:47.788000+00:00,185777,15000
11181,START,W_Nabellen offertes,2012-02-24 11:35:11.566000+00:00,2012-02-13 17:40:35.569000+00:00,208997,5000
10929,COMPLETE,O_CREATED,2011-12-12 14:44:54.076000+00:00,2011-12-11 14:13:05.333000+00:00,192728,5000
11119,COMPLETE,O_SELECTED,2012-01-30 18:34:19.246000+00:00,2012-01-30 10:04:08.105000+00:00,204909,25500
112,COMPLETE,A_SUBMITTED,2011-12-06 12:36:44.810000+00:00,2011-12-06 12:36:44.810000+00:00,191650,7500
11189,SCHEDULE,W_Nabellen offertes,2011-11-09 12:47:22.580000+00:00,2011-11-09 11:16:44.292000+00:00,183387,5000
11180,COMPLETE,O_CREATED,2011-11-21 12:14:51.278000+00:00,2011-11-20 17:16:39.101000+00:00,187547,23500
10971,COMPLETE,A_DECLINED,2011-12-10 14:47:41.997000+00:00,2011-12-10 13:37:57.980000+00:00,192572,50000
112,SCHEDULE,W_Completeren aanvraag,2012-02-13 14:05:10.546000+00:00,2012-02-13 14:04:32.581000+00:00,208832,35000
10138,START,W_Valideren aanvraag,2011-11-07 13:52:11.097000+00:00,2011-10-28 09:14:40.353000+00:00,180445,18000
11259,START,W_Nabellen offertes,2011-12-20 10:03:27.079000+00:00,2011-12-03 08:43:45.112000+00:00,190875,35035
10972,COMPLETE,W_Valideren aanvraag,2011-11-18 08:47:35.178000+00:00,2011-10-11 15:39:45.601000+00:00,176218,20000
10138,COMPLETE,A_ACTIVATED,2012-03-12 10:43:30.347000+00:00,2012-02-15 15:08:59.586000+00:00,209733,7500
,COMPLETE,W_Nabellen offertes,2012-02-02 20:16:17.280000+00:00,2012-01-30 17:05:05.774000+00:00,205062,19000
11169,START,W_Nabellen offertes,2012-01-27 12:30:11.331000+00:00,2012-01-18 15:20:11.051000+00:00,202035,12000
10972,COMPLETE,A_REGISTERED,2011-12-05 17:59:36.181000+00:00,2011-11-17 17:56:36.304000+00:00,186511,7800
,START,W_Nabellen offertes,2011-10-20 08:59:26.533000+00:00,2011-10-07 18:54:42.882000+00:00,175455,5000
112,SCHEDULE,W_Completeren aanvraag,2011-10-03 11:21:50.145000+00:00,2011-10-03 11:21:10.598000+00:00,174018,25000
,SCHEDULE,W_Nabellen offertes,2011-12-03 11:31:38.710000+00:00,2011-12-03 01:24:27.847000+00:00,190863,5000
11169,COMPLETE,A_DECLINED,2011-11-23 09:34:43.212000+00:00,2011-11-22 18:56:58.494000+00:00,188173,19594
11201,COMPLETE,W_Nabellen offertes,2012-02-24 20:46:09.758000+00:00,2012-01-25 01:17:29.748000+00:00,203780,25000
10863,START,W_Completeren aanvraag,2012-02-22 14:10:56.732000+00:00,2012-02-15 01:00:08.149000+00:00,209529,17500
10609,SCHEDULE,W_Nabellen incomplete dossiers,2012-01-18 09:35:00.189000+00:00,2011-12-08 12:36:14.736000+00:00,192193,6000
11169,COMPLETE,W_Completeren aanvraag,2012-02-09 12:19:06.709000+00:00,2012-02-09 11:28:00.046000+00:00,207774,2000
112,COMPLETE,A_PARTLYSUBMITTED,2011-12-04 22:39:20.351000+00:00,2011-12-04 22:39:20.168000+00:00,191211,2500
11181,START,W_Completeren aanvraag,2012-02-02 18:18:30.378000+00:00,2012-02-02 18:13:08.247000+00:00,205978,5000
10909,COMPLETE,W_Completeren aanvraag,2012-02-11 10:49:07.324000+00:00,2012-02-07 18:47:58.657000+00:00,207251,25847
10909,START,W_Completeren aanvraag,2012-02-11 14:33:29.973000+00:00,2012-02-02 10:48:08.280000+00:00,205849,6000
10609,COMPLETE,W_Valideren aanvraag,2012-03-09 15:52:22.722000+00:00,2012-02-29 15:13:32.677000+00:00,214139,26000
11180,COMPLETE,O_SELECTED,2011-11-17 17:26:56.198000+00:00,2011-11-16 16:25:48.747000+00:00,185885,12400
11122,COMPLETE,W_Completeren aanvraag,2012-02-10 09:15:12.699000+00:00,2012-01-10 15:29:03.652000+00:00,199603,15000
112,COMPLETE,A_DECLINED,2011-10-27 12:12:26.155000+00:00,2011-10-27 12:11:51.580000+00:00,180184,3000
112,COMPLETE,A_CANCELLED,2012-02-02 09:15:24.645000+00:00,2012-01-02 20:25:42.171000+00:00,197339,15000
112,COMPLETE,A_PREACCEPTED,2011-11-13 11:43:33.265000+00:00,2011-11-13 11:42:58+00:00,184949,5500
112,COMPLETE,A_SUBMITTED,2012-01-06 13:35:58.615000+00:00,2012-01-06 13:35:58.615000+00:00,198603,15000
112,SCHEDULE,W_Completeren aanvraag,2012-01-07 12:10:56.257000+00:00,2012-01-07 12:10:12.070000+00:00,198792,20000
11169,COMPLETE,W_Completeren aanvraag,2011-12-28 13:43:40.096000+00:00,2011-12-28 10:57:11.214000+00:00,196009,28000
11259,START,W_Nabellen incomplete dossiers,2012-03-01 13:32:59.452000+00:00,2012-02-21 21:47:17.995000+00:00,211606,35000
10913,COMPLETE,O_SELECTED,2012-01-26 16:58:22.878000+00:00,2012-01-16 14:18:18.415000+00:00,201337,5000
10910,COMPLETE,W_Afhandelen leads,2011-12-16 13:59:30.278000+00:00,2011-12-16 12:58:34.214000+00:00,194028,5000
10138,COMPLETE,W_Valideren aanvraag,2012-01-11 14:14:45.583000+00:00,2011-12-10 18:04:30.804000+00:00,192635,43000
10881,COMPLETE,A_DECLINED,2011-10-17 09:24:53.402000+00:00,2011-10-17 07:54:14.513000+00:00,177399,18000
10929,SCHEDULE,W_Valideren aanvraag,2011-11-29 20:15:09.328000+00:00,2011-11-13 11:46:25.977000+00:00,184952,9500
112,COMPLETE,A_PARTLYSUBMITTED,2012-02-25 19:58:26.082000+00:00,2012-02-25 19:58:25.967000+00:00,212839,7000
10929,START,W_Nabellen incomplete dossiers,2011-11-17 20:08:09.969000+00:00,2011-10-31 20:23:46.388000+00:00,181163,6900
11002,COMPLETE,W_Completeren aanvraag,2011-12-02 19:20:36.891000+00:00,2011-12-01 23:08:33.733000+00:00,190630,10000
112,SCHEDULE,W_Afhandelen leads,2012-02-23 18:13:29.141000+00:00,2012-02-23 18:12:51.019000+00:00,212247,46627
10931,SCHEDULE,W_Nabellen offertes,2011-11-21 12:15:43.734000+00:00,2011-11-19 09:54:21.123000+00:00,187292,33000
10881,COMPLETE,A_ACCEPTED,2011-10-10 11:04:31.342000+00:00,2011-10-09 00:50:27.184000+00:00,175651,45000
10909,COMPLETE,W_Completeren aanvraag,2012-01-10 16:24:32.725000+00:00,2012-01-10 15:45:28.449000+00:00,199606,10000
11181,COMPLETE,W_Completeren aanvraag,2011-12-28 21:00:05.577000+00:00,2011-12-24 11:21:36.858000+00:00,195485,20000
10972,COMPLETE,A_ACTIVATED,2011-11-14 10:58:05.154000+00:00,2011-10-23 12:14:03.577000+00:00,179188,15000
10899,SCHEDULE,W_Valideren aanvraag,2011-12-15 11:52:23.686000+00:00,2011-11-14 22:38:34.176000+00:00,185388,10000
10881,COMPLETE,W_Nabellen offertes,2012-02-23 09:15:52.904000+00:00,2012-01-21 19:27:29.681000+00:00,202881,5000
11169,COMPLETE,W_Afhandelen leads,2011-11-17 12:30:04.300000+00:00,2011-11-17 11:53:52.043000+00:00,186193,5000
112,SCHEDULE,W_Completeren aanvraag,2011-12-12 15:09:09.990000+00:00,2011-12-12 15:08:31.383000+00:00,192969,15000
10138,COMPLETE,A_APPROVED,2011-11-02 08:54:45.173000+00:00,2011-10-26 11:05:25.232000+00:00,179935,9000
10910,START,W_Completeren aanvraag,2011-12-06 14:54:46.229000+00:00,2011-12-06 14:53:54.007000+00:00,191683,30000
10910,START,W_Nabellen offertes,2011-12-06 10:48:46.769000+00:00,2011-11-19 15:34:47.434000+00:00,187379,5000
11304,START,W_Beoordelen fraude,2012-03-01 08:52:39.197000+00:00,2012-02-28 19:42:03.756000+00:00,213846,50000
10982,COMPLETE,W_Nabellen offertes,2011-12-31 12:49:47.458000+00:00,2011-12-05 09:49:06.286000+00:00,191266,15000
112,COMPLETE,A_PARTLYSUBMITTED,2012-02-14 17:03:35.671000+00:00,2012-02-14 17:03:35.469000+00:00,209395,21000
11119,COMPLETE,A_FINALIZED,2011-11-16 19:46:28.633000+00:00,2011-10-28 14:43:17.326000+00:00,180535,7800
11122,START,W_Completeren aanvraag,2011-12-27 20:31:20.496000+00:00,2011-12-27 20:30:11.010000+00:00,195920,15000
,START,W_Completeren aanvraag,2011-10-10 11:38:44.674000+00:00,2011-10-09 15:35:22.126000+00:00,175741,30000
11203,COMPLETE,O_CREATED,2012-02-16 12:21:57.224000+00:00,2012-02-15 22:13:18.716000+00:00,209945,12500
10910,COMPLETE,A_DECLINED,2011-12-01 10:57:17.200000+00:00,2011-12-01 10:34:11.581000+00:00,190366,18000
11121,START,W_Completeren aanvraag,2012-02-17 10:31:01.925000+00:00,2012-02-10 11:31:51.655000+00:00,208049,8000
11122,COMPLETE,W_Nabellen offertes,2012-01-26 20:15:57.890000+00:00,2012-01-17 18:41:25.394000+00:00,201779,25000
11119,COMPLETE,W_Nabellen offertes,2011-12-24 12:15:34.156000+00:00,2011-12-16 15:24:51.492000+00:00,194088,5000
11179,START,W_Afhandelen leads,2011-12-08 18:59:27.888000+00:00,2011-12-08 16:40:34.080000+00:00,192280,6000
10889,COMPLETE,W_Afhandelen leads,2012-01-23 09:31:12.847000+00:00,2012-01-21 23:31:31.599000+00:00,202911,10000
10609,START,W_Valideren aanvraag,2011-10-28 08:51:06.364000+00:00,2011-10-17 17:11:18.438000+00:00,177582,10000
112,COMPLETE,A_PARTLYSUBMITTED,2012-02-14 10:23:11.601000+00:00,2012-02-14 10:23:10.053000+00:00,209215,5000
10929,START,W_Nabellen offertes,2012-01-07 13:43:39.670000+00:00,2012-01-06 12:54:33.190000+00:00,198573,10000
11179,COMPLETE,W_Completeren aanvraag,2011-12-07 13:49:15.115000+00:00,2011-12-07 12:06:57.597000+00:00,191896,6000
11002,START,W_Nabellen incomplete dossiers,2011-12-09 14:34:43.963000+00:00,2011-11-08 20:05:36.162000+00:00,183247,7000
10629,COMPLETE,A_ACTIVATED,2011-12-19 18:29:58.219000+00:00,2011-11-12 16:59:07.705000+00:00,184832,99000
10609,COMPLETE,A_REGISTERED,2011-12-29 08:58:51.383000+00:00,2011-12-13 14:07:52.243000+00:00,193231,10000
10881,COMPLETE,W_Nabellen offertes,2012-02-23 20:48:53.195000+00:00,2012-02-14 09:28:57.172000+00:00,209200,16000
11122,START,W_Completeren aanvraag,2012-02-17 17:42:54.065000+00:00,2012-02-12 11:28:27.298000+00:00,208538,26750
112,SCHEDULE,W_Afhandelen leads,2011-11-22 20:49:42.315000+00:00,2011-11-22 20:49:39.061000+00:00,188212,1500
11122,START,W_Nabellen incomplete dossiers,2011-11-18 20:46:01.985000+00:00,2011-10-02 18:30:01.576000+00:00,173928,33000
10933,START,W_Nabellen incomplete dossiers,2012-02-09 19:46:00.829000+00:00,2012-01-31 10:23:36.526000+00:00,205226,5000
10929,COMPLETE,W_Completeren aanvraag,2011-11-16 14:25:47.025000+00:00,2011-11-15 22:34:32.430000+00:00,185731,10000
11122,COMPLETE,W_Nabellen incomplete dossiers,2011-11-04 17:59:26.508000+00:00,2011-10-12 20:17:17.775000+00:00,176566,12000
11181,START,W_Nabellen offertes,2011-10-29 12:56:34.126000+00:00,2011-10-07 16:01:30.177000+00:00,175386,6500
11009,COMPLETE,W_Nabellen incomplete dossiers,2012-01-27 14:30:24.210000+00:00,2011-12-29 21:54:00.090000+00:00,196578,15000
11122,COMPLETE,O_SELECTED,2011-10-29 10:23:26.144000+00:00,2011-10-29 10:19:23.954000+00:00,180613,5000
10909,COMPLETE,A_PREACCEPTED,2012-01-19 10:39:09.149000+00:00,2012-01-18 21:20:33.733000+00:00,202149,4900
10861,START,W_Completeren aanvraag,2011-12-30 14:40:07.513000+00:00,2011-12-29 19:19:38.093000+00:00,196515,20000
,SCHEDULE,W_Completeren aanvraag,2011-10-04 09:09:31.727000+00:00,2011-10-03 23:31:43.141000+00:00,174291,15000
11122,COMPLETE,W_Nabellen offertes,2012-01-17 20:20:21.116000+00:00,2012-01-06 14:06:56.420000+00:00,198618,22000
11201,COMPLETE,O_CREATED,2012-02-24 19:21:34.326000+00:00,2012-02-23 19:54:28.151000+00:00,212286,10000
11179,COMPLETE,O_SENT,2012-01-06 11:10:47.480000+00:00,2012-01-05 23:12:12.884000+00:00,198478,5000
11003,START,W_Completeren aanvraag,2012-02-22 20:11:35.923000+00:00,2012-02-19 22:22:25.349000+00:00,210923,30000
11002,START,W_Nabellen offertes,2012-01-26 15:55:20.709000+00:00,2011-12-22 09:25:12.813000+00:00,195082,10000
112,SCHEDULE,W_Completeren aanvraag,2011-11-02 09:27:03.578000+00:00,2011-11-02 09:26:09.991000+00:00,181523,20000
10912,COMPLETE,W_Nabellen offertes,2012-03-03 15:03:38.601000+00:00,2012-02-24 21:47:59.217000+00:00,212635,12500
,START,W_Completeren aanvraag,2011-11-17 11:09:09.359000+00:00,2011-11-16 21:48:04.726000+00:00,186062,25000
11009,START,W_Nabellen incomplete dossiers,2012-02-27 13:16:26.380000+00:00,2012-02-14 22:35:40.412000+00:00,209502,65000
11259,COMPLETE,W_Nabellen offertes,2012-01-03 09:54:24.580000+00:00,2011-12-26 23:06:59.290000+00:00,195678,15000
112,COMPLETE,A_CANCELLED,2012-01-24 09:15:14.850000+00:00,2011-10-24 23:19:38.689000+00:00,179591,20000
10609,COMPLETE,A_APPROVED,2011-11-04 16:04:52.612000+00:00,2011-10-01 08:10:30.287000+00:00,173694,7000
11180,COMPLETE,O_CREATED,2011-10-17 19:59:20.322000+00:00,2011-10-17 14:49:05.769000+00:00,177522,15000
11181,COMPLETE,A_FINALIZED,2011-10-31 20:25:13.620000+00:00,2011-10-31 20:08:23.619000+00:00,181154,2500
10809,START,W_Valideren aanvraag,2011-11-22 12:52:05.107000+00:00,2011-11-04 17:41:22.455000+00:00,182296,7000
10609,COMPLETE,W_Nabellen incomplete dossiers,2011-12-28 19:19:04.802000+00:00,2011-11-15 13:42:45.592000+00:00,185548,20000
10809,COMPLETE,W_Valideren aanvraag,2011-12-12 10:54:50.908000+00:00,2011-11-09 11:16:44.292000+00:00,183387,5000
10932,START,W_Nabellen incomplete dossiers,2011-12-23 09:51:32.306000+00:00,2011-12-09 21:39:54.229000+00:00,192491,20000
11121,COMPLETE,W_Nabellen offertes,2012-01-26 10:05:37.491000+00:00,2011-12-19 18:45:56.087000+00:00,194532,10000
11181,COMPLETE,O_CREATED,2011-11-09 20:36:07.132000+00:00,2011-11-09 11:54:58.210000+00:00,183405,20000
10931,START,W_Nabellen offertes,2012-02-04 15:28:51.672000+00:00,2012-02-04 14:19:29.656000+00:00,206456,50000
112,COMPLETE,A_SUBMITTED,2012-02-25 14:37:22.962000+00:00,2012-02-25 14:37:22.962000+00:00,212764,20000
10932,COMPLETE,A_FINALIZED,2012-02-10 12:31:49.979000+00:00,2012-02-10 12:25:34.068000+00:00,208070,30000
11179,START,W_Completeren aanvraag,2012-01-25 10:53:44.400000+00:00,2012-01-16 23:48:32.516000+00:00,201562,10000
10889,COMPLETE,O_SELECTED,2011-11-05 12:44:40.664000+00:00,2011-10-30 10:13:00.034000+00:00,180760,12000
10929,COMPLETE,A_FINALIZED,2011-12-01 19:36:13.767000+00:00,2011-12-01 19:16:26.142000+00:00,190567,5000
,START,W_Nabellen offertes,2011-11-22 09:28:28.653000+00:00,2011-11-05 18:10:25.787000+00:00,182488,3000
10880,COMPLETE,O_SELECTED,2011-12-06 11:26:12.234000+00:00,2011-11-19 18:47:31.985000+00:00,187427,40000
112,COMPLETE,A_PARTLYSUBMITTED,2012-01-14 15:30:07.349000+00:00,2012-01-14 15:30:07.159000+00:00,200883,18863
10912,COMPLETE,A_CANCELLED,2011-10-14 18:54:22.623000+00:00,2011-10-07 17:16:05.251000+00:00,175413,10000
11049,START,W_Nabellen incomplete dossiers,2012-03-01 09:50:48.204000+00:00,2012-02-19 14:07:34.791000+00:00,210815,37500
10972,SCHEDULE,W_Nabellen incomplete dossiers,2012-02-27 09:51:33.595000+00:00,2012-02-10 17:46:38.839000+00:00,208229,8000
11179,START,W_Afhandelen leads,2012-01-04 09:14:12.957000+00:00,2012-01-03 20:57:04.290000+00:00,197710,12500
11000,COMPLETE,W_Completeren aanvraag,2012-01-20 09:59:45.051000+00:00,2012-01-12 03:44:19.961000+00:00,200109,5500
10881,START,W_Nabellen offertes,2012-02-07 10:10:00.920000+00:00,2012-02-06 11:59:34.547000+00:00,206736,10000
11203,START,W_Nabellen offertes,2011-10-21 18:09:42.715000+00:00,2011-10-10 18:16:58.071000+00:00,176012,10000
10935,START,W_Afhandelen leads,2012-01-06 09:34:58.376000+00:00,2012-01-05 17:53:23.376000+00:00,198376,9000
112,COMPLETE,A_SUBMITTED,2011-10-30 09:34:56.160000+00:00,2011-10-30 09:34:56.160000+00:00,180757,12000
11189,START,W_Nabellen incomplete dossiers,2011-11-22 14:30:23.161000+00:00,2011-10-30 16:35:48.533000+00:00,180808,13000
10138,COMPLETE,W_Nabellen offertes,2011-11-14 13:43:41.627000+00:00,2011-11-01 12:13:40.574000+00:00,181276,8000
112,COMPLETE,A_SUBMITTED,2011-10-14 21:27:47.307000+00:00,2011-10-14 21:27:47.307000+00:00,177083,18000
,START,W_Nabellen offertes,2012-01-27 20:29:48.398000+00:00,2012-01-27 20:05:27.673000+00:00,204523,6000
11189,START,W_Nabellen offertes,2011-10-27 12:26:12.676000+00:00,2011-10-09 14:24:01.935000+00:00,175720,3000
,COMPLETE,W_Nabellen offertes,2011-12-16 16:51:39.904000+00:00,2011-11-22 06:09:18.684000+00:00,187999,37000
11189,COMPLETE,A_DECLINED,2011-11-10 13:59:22.815000+00:00,2011-11-10 00:28:13.545000+00:00,183652,5000
10909,START,W_Nabellen offertes,2011-12-27 19:12:49.630000+00:00,2011-12-27 18:42:50.283000+00:00,195896,8500
112,COMPLETE,A_SUBMITTED,2012-01-13 15:46:24.235000+00:00,2012-01-13 15:46:24.234000+00:00,200620,6000
11201,START,W_Completeren aanvraag,2011-11-04 20:44:13.694000+00:00,2011-11-04 13:08:28.941000+00:00,182194,34500
,START,W_Afhandelen leads,2012-02-04 14:29:17.049000+00:00,2012-02-04 12:50:29.887000+00:00,206432,16000
11002,COMPLETE,W_Nabellen incomplete dossiers,2012-02-06 19:59:35.239000+00:00,2012-01-03 13:54:41.306000+00:00,197530,7000
112,COMPLETE,A_CANCELLED,2012-02-06 09:15:19.585000+00:00,2011-12-05 11:17:53.213000+00:00,191290,50000
11189,COMPLETE,W_Nabellen offertes,2012-01-18 16:49:12.588000+00:00,2012-01-12 16:42:10.053000+00:00,200302,32000
11119,COMPLETE,A_ACCEPTED,2011-10-17 19:22:39.246000+00:00,2011-10-14 21:27:47.307000+00:00,177083,18000
112,COMPLETE,A_SUBMITTED,2012-02-16 09:58:07.639000+00:00,2012-02-16 09:58:07.639000+00:00,210026,20000
112,COMPLETE,A_PARTLYSUBMITTED,2012-01-13 21:11:25.428000+00:00,2012-01-13 21:11:24.920000+00:00,200725,25000
10913,COMPLETE,W_Nabellen offertes,2011-12-24 16:44:56.657000+00:00,2011-12-19 10:59:59.975000+00:00,194418,8000
112,COMPLETE,A_SUBMITTED,2011-10-19 12:57:45.390000+00:00,2011-10-19 12:57:45.390000+00:00,178188,6000
112,COMPLETE,A_SUBMITTED,2012-02-18 14:40:59.946000+00:00,2012-02-18 14:40:59.946000+00:00,210629,5000
11000,START,W_Afhandelen leads,2011-10-08 10:46:43.610000+00:00,2011-10-07 21:21:21.142000+00:00,175488,10000
,COMPLETE,W_Nabellen incomplete dossiers,2011-11-17 10:25:19.100000+00:00,2011-10-11 15:39:45.601000+00:00,176218,20000
10939,SCHEDULE,W_Nabellen offertes,2011-10-19 19:39:16.637000+00:00,2011-10-19 16:14:07.705000+00:00,178290,10000
10861,START,W_Completeren aanvraag,2011-12-30 13:17:06.380000+00:00,2011-12-30 10:47:38.784000+00:00,196666,28000
10939,COMPLETE,W_Completeren aanvraag,2011-12-20 13:41:10.324000+00:00,2011-12-15 20:59:04.394000+00:00,193876,30000
11169,COMPLETE,W_Nabellen incomplete dossiers,2011-11-15 09:51:09.488000+00:00,2011-10-24 16:56:12.595000+00:00,179489,50000
11180,START,W_Nabellen offertes,2011-12-01 19:52:46.341000+00:00,2011-11-04 19:46:24.793000+00:00,182335,20000
10909,COMPLETE,W_Completeren aanvraag,2012-02-27 10:32:42.370000+00:00,2012-02-27 10:29:18.274000+00:00,213162,20000
112,COMPLETE,A_SUBMITTED,2011-10-01 16:09:22.741000+00:00,2011-10-01 16:09:22.741000+00:00,173763,4000
112,COMPLETE,A_PARTLYSUBMITTED,2011-10-10 14:40:43.935000+00:00,2011-10-10 14:40:43.299000+00:00,175955,12500
10609,START,W_Nabellen incomplete dossiers,2012-02-13 10:28:55.742000+00:00,2012-02-01 12:10:55.813000+00:00,205562,7500
10910,COMPLETE,W_Completeren aanvraag,2011-12-23 14:45:54.813000+00:00,2011-12-23 12:35:23.093000+00:00,195335,30000
10881,COMPLETE,O_SENT,2012-02-07 10:08:46.823000+00:00,2012-02-06 11:59:34.547000+00:00,206736,10000
112,COMPLETE,A_DECLINED,2012-02-01 10:39:28.175000+00:00,2012-02-01 10:38:48.329000+00:00,205547,5000
11181,START,W_Nabellen offertes,2011-11-01 15:27:50.154000+00:00,2011-10-24 19:30:51.459000+00:00,179522,6500
10809,COMPLETE,W_Valideren aanvraag,2012-03-07 11:12:01.734000+00:00,2012-02-05 16:42:18.178000+00:00,206615,22000
11009,COMPLETE,W_Afhandelen leads,2012-02-27 11:51:20.375000+00:00,2012-02-26 19:33:56.897000+00:00,213013,15000
11002,COMPLETE,W_Completeren aanvraag,2012-01-03 06:15:05.852000+00:00,2012-01-01 13:58:17.465000+00:00,196960,25000
10138,START,W_Valideren aanvraag,2012-01-13 09:34:43.927000+00:00,2012-01-01 14:23:06.194000+00:00,196963,5000
11179,COMPLETE,W_Completeren aanvraag,2012-02-10 09:33:25.800000+00:00,2012-02-09 12:08:14.699000+00:00,207786,10000
11121,COMPLETE,A_FINALIZED,2012-01-25 15:15:54.777000+00:00,2012-01-20 06:59:35.972000+00:00,202479,24000
112,SCHEDULE,W_Afhandelen leads,2012-01-03 16:45:50.229000+00:00,2012-01-03 16:45:06.016000+00:00,197620,25000
112,SCHEDULE,W_Completeren aanvraag,2012-02-15 14:34:21.562000+00:00,2012-02-15 14:33:41.437000+00:00,209712,25000
112,COMPLETE,A_PREACCEPTED,2012-02-06 14:04:51.866000+00:00,2012-02-06 14:04:09.700000+00:00,206790,16000
10912,COMPLETE,W_Nabellen offertes,2011-10-15 16:25:02.019000+00:00,2011-10-08 14:50:02.114000+00:00,175585,22000
10939,COMPLETE,W_Afhandelen leads,2012-01-14 11:25:27.303000+00:00,2012-01-13 23:41:54.522000+00:00,200767,10000
10909,COMPLETE,A_PREACCEPTED,2011-12-15 20:27:43.213000+00:00,2011-12-15 20:26:21.075000+00:00,193861,36000
11122,COMPLETE,W_Completeren aanvraag,2011-10-04 19:35:53.808000+00:00,2011-10-04 19:15:11.455000+00:00,174490,18500
11203,START,W_Nabellen offertes,2012-01-23 20:31:20.050000+00:00,2011-12-04 14:01:43.075000+00:00,191106,5000
11180,COMPLETE,A_ACCEPTED,2011-12-29 18:07:17.461000+00:00,2011-12-28 22:56:48.468000+00:00,196273,4500
10909,COMPLETE,W_Nabellen offertes,2012-01-26 15:07:07.771000+00:00,2012-01-14 15:19:15.296000+00:00,200877,14000
112,COMPLETE,A_PARTLYSUBMITTED,2012-01-31 12:13:26.461000+00:00,2012-01-31 12:13:26.047000+00:00,205265,4500
11009,SCHEDULE,W_Nabellen offertes,2011-12-12 12:38:38.667000+00:00,2011-12-12 12:29:34.631000+00:00,192903,5000
112,COMPLETE,A_PARTLYSUBMITTED,2011-12-21 11:19:01.233000+00:00,2011-12-21 11:19:00.863000+00:00,194901,10000
11203,COMPLETE,A_FINALIZED,2012-01-28 16:22:05.659000+00:00,2012-01-28 15:06:17.749000+00:00,204628,45000
112,COMPLETE,A_SUBMITTED,2011-11-26 09:42:15.598000+00:00,2011-11-26 09:42:15.598000+00:00,189133,30000
112,SCHEDULE,W_Completeren aanvraag,2012-02-06 11:45:22.173000+00:00,2012-02-06 11:44:45.098000+00:00,206733,10000
10929,COMPLETE,A_PREACCEPTED,2011-12-12 09:46:12.126000+00:00,2011-12-11 10:44:18.442000+00:00,192689,6000
11180,COMPLETE,W_Nabellen offertes,2012-01-23 13:58:46.705000+00:00,2011-12-08 15:24:14.413000+00:00,192268,10000
10629,SCHEDULE,W_Nabellen offertes,2012-01-24 09:12:35.426000+00:00,2012-01-24 09:01:45.974000+00:00,203471,19500
112,COMPLETE,A_PARTLYSUBMITTED,2011-12-02 12:03:26.950000+00:00,2011-12-02 12:03:25.999000+00:00,190713,5000
10972,COMPLETE,W_Nabellen incomplete dossiers,2011-10-20 13:52:22.540000+00:00,2011-10-01 12:36:08.943000+00:00,173730,15000
,COMPLETE,W_Nabellen incomplete dossiers,2011-11-10 15:34:21.117000+00:00,2011-10-28 14:54:53.836000+00:00,180538,10285
112,SCHEDULE,W_Completeren aanvraag,2011-12-05 20:42:58.301000+00:00,2011-12-05 20:42:06.149000+00:00,191524,15000
11003,START,W_Nabellen incomplete dossiers,2012-02-22 17:20:58.763000+00:00,2012-02-14 21:22:29.671000+00:00,209461,9000
10899,SCHEDULE,W_Valideren aanvraag,2011-12-14 10:34:42.150000+00:00,2011-12-09 10:55:46.864000+00:00,192383,50000
11180,COMPLETE,W_Completeren aanvraag,2012-02-14 20:08:26.770000+00:00,2012-02-07 16:02:47.804000+00:00,207179,17500
11319,COMPLETE,O_CREATED,2012-03-05 14:50:33.455000+00:00,2012-02-02 18:49:01.023000+00:00,205990,6000
112,COMPLETE,A_PARTLYSUBMITTED,2012-02-15 15:08:30.477000+00:00,2012-02-15 15:08:29.888000+00:00,209730,1500
11180,COMPLETE,W_Completeren aanvraag,2011-10-24 18:38:06.455000+00:00,2011-10-10 15:36:15.608000+00:00,175970,5400
10912,START,W_Completeren aanvraag,2011-12-24 15:06:55.978000+00:00,2011-12-24 15:06:06.363000+00:00,195497,6500
112,COMPLETE,A_PARTLYSUBMITTED,2011-11-16 16:18:12.486000+00:00,2011-11-16 16:18:12.157000+00:00,185873,36000
,START,W_Completeren aanvraag,2011-10-03 12:25:15.170000+00:00,2011-10-02 11:47:41.502000+00:00,173859,5000
10909,COMPLETE,W_Nabellen offertes,2011-12-22 20:24:36.101000+00:00,2011-12-15 21:54:04.368000+00:00,193903,6000
112,COMPLETE,A_PARTLYSUBMITTED,2012-01-25 13:25:13.205000+00:00,2012-01-25 13:25:12.969000+00:00,203901,17000
11180,COMPLETE,O_CREATED,2011-12-15 12:20:46.931000+00:00,2011-11-27 14:18:22.452000+00:00,189328,15000
10861,START,W_Completeren aanvraag,2012-02-22 18:00:29.307000+00:00,2012-02-22 12:58:30.297000+00:00,211757,9237
11003,START,W_Nabellen offertes,2011-12-12 09:40:02.475000+00:00,2011-12-03 16:31:28.660000+00:00,190983,6500
112,COMPLETE,A_PARTLYSUBMITTED,2011-10-09 18:50:03.920000+00:00,2011-10-09 18:50:03.583000+00:00,175780,14000
11203,START,W_Completeren aanvraag,2011-11-05 14:46:53.347000+00:00,2011-11-05 14:43:28.420000+00:00,182455,13000
11203,START,W_Completeren aanvraag,2012-02-21 11:56:56.730000+00:00,2012-02-20 14:54:23.597000+00:00,211131,8000
10931,COMPLETE,W_Completeren aanvraag,2012-02-17 12:45:17.990000+00:00,2012-02-14 15:14:53.836000+00:00,209341,25000
11189,COMPLETE,A_DECLINED,2011-12-14 14:32:12.658000+00:00,2011-12-14 13:58:11.379000+00:00,193488,50000
10909,COMPLETE,O_SELECTED,2011-10-04 19:29:43.073000+00:00,2011-10-04 19:21:32.230000+00:00,174493,29000
10929,START,W_Nabellen offertes,2011-12-24 15:33:17.350000+00:00,2011-12-18 21:20:31.747000+00:00,194353,12500
11180,COMPLETE,W_Nabellen offertes,2012-02-09 10:48:11.885000+00:00,2012-02-01 13:51:48.654000+00:00,205601,44000
11119,COMPLETE,W_Nabellen offertes,2011-11-01 20:51:45.216000+00:00,2011-11-01 13:12:54.838000+00:00,181282,35000
11169,COMPLETE,O_SENT,2012-01-03 16:10:03.434000+00:00,2012-01-03 16:00:41.905000+00:00,197602,20000
11169,COMPLETE,O_CREATED,2012-02-29 12:49:49.706000+00:00,2012-02-29 09:20:11.845000+00:00,213995,7500
10982,COMPLETE,W_Completeren aanvraag,2012-01-26 17:48:28.759000+00:00,2012-01-26 14:12:00.194000+00:00,204218,5000
,COMPLETE,W_Nabellen offertes,2011-12-06 13:54:46.597000+00:00,2011-11-17 18:53:45.418000+00:00,186574,20000
10935,COMPLETE,W_Nabellen incomplete dossiers,2012-02-20 11:16:16.849000+00:00,2012-01-13 21:11:24.920000+00:00,200725,25000
112,COMPLETE,A_SUBMITTED,2011-11-28 16:04:53.665000+00:00,2011-11-28 16:04:53.665000+00:00,189580,6000
,COMPLETE,W_Nabellen offertes,2011-11-17 15:07:59.893000+00:00,2011-10-03 12:55:00.597000+00:00,174060,6000
112,COMPLETE,A_PARTLYSUBMITTED,2011-12-16 11:13:50.061000+00:00,2011-12-16 11:13:49.882000+00:00,193989,7500
11009,COMPLETE,W_Nabellen offertes,2011-12-12 11:35:12.029000+00:00,2011-12-08 12:36:14.736000+00:00,192193,6000
112,COMPLETE,A_SUBMITTED,2011-12-30 11:00:04.103000+00:00,2011-12-30 11:00:04.102000+00:00,196672,9500
112,SCHEDULE,W_Completeren aanvraag,2011-10-11 19:42:41.296000+00:00,2011-10-11 19:42:03.637000+00:00,176278,5000
10982,START,W_Completeren aanvraag,2012-02-14 14:55:42.085000+00:00,2012-02-10 20:32:06.568000+00:00,208280,18400
10881,COMPLETE,W_Nabellen offertes,2011-10-25 14:55:49.902000+00:00,2011-10-16 21:46:25.140000+00:00,177365,2500
112,SCHEDULE,W_Afhandelen leads,2011-10-22 21:16:08.457000+00:00,2011-10-22 21:15:54.260000+00:00,179149,5000
11009,START,W_Completeren aanvraag,2012-01-23 09:45:25.878000+00:00,2012-01-22 14:00:55.132000+00:00,202989,11000
10861,START,W_Completeren aanvraag,2011-12-01 17:44:05.501000+00:00,2011-12-01 15:10:06.447000+00:00,190501,8000
112,SCHEDULE,W_Completeren aanvraag,2012-02-09 13:33:39.886000+00:00,2012-02-09 13:33:01.099000+00:00,207810,8000
10880,COMPLETE,O_SENT,2011-10-31 18:30:06.462000+00:00,2011-10-31 18:04:28.499000+00:00,181091,15000
11119,COMPLETE,O_CREATED,2011-12-19 20:06:55.371000+00:00,2011-12-17 21:15:07.658000+00:00,194281,27500
112,COMPLETE,A_PARTLYSUBMITTED,2011-12-19 18:45:56.553000+00:00,2011-12-19 18:45:56.087000+00:00,194532,10000
10629,COMPLETE,A_PREACCEPTED,2011-10-17 16:49:26.856000+00:00,2011-10-17 15:36:10.145000+00:00,177543,10000
11300,COMPLETE,W_Completeren aanvraag,2012-02-17 11:05:04.851000+00:00,2012-02-16 16:30:43.779000+00:00,210203,9000
11181,COMPLETE,A_ACCEPTED,2011-11-02 20:30:11.648000+00:00,2011-10-28 11:15:56.206000+00:00,180481,5000
11309,START,W_Nabellen offertes,2012-02-16 14:24:23.512000+00:00,2012-02-09 16:03:30.640000+00:00,207870,15000
11000,START,W_Nabellen incomplete dossiers,2012-02-10 12:54:11.306000+00:00,2012-02-01 15:25:25.312000+00:00,205640,10000
10228,START,W_Completeren aanvraag,2012-02-04 14:30:34.982000+00:00,2012-01-30 10:59:27.732000+00:00,204933,6500
10863,START,W_Nabellen incomplete dossiers,2012-03-14 14:12:10.857000+00:00,2012-02-14 21:16:36.216000+00:00,209455,40000
11179,COMPLETE,W_Completeren aanvraag,2011-12-01 16:39:10.700000+00:00,2011-11-30 21:30:40.581000+00:00,190288,17000
11179,START,W_Completeren aanvraag,2011-12-08 18:55:28.584000+00:00,2011-12-08 18:46:41.050000+00:00,192310,20000
112,COMPLETE,A_CANCELLED,2011-12-15 09:15:26.737000+00:00,2011-11-13 16:22:42.914000+00:00,185003,7500
11259,SCHEDULE,W_Valideren aanvraag,2012-02-14 14:36:31.377000+00:00,2012-02-08 11:57:53.126000+00:00,207407,5000
11202,COMPLETE,O_SELECTED,2012-02-04 11:00:00.399000+00:00,2012-02-02 22:24:18.594000+00:00,206108,12000
,START,W_Completeren aanvraag,2011-10-28 16:34:45.634000+00:00,2011-10-28 14:39:13.630000+00:00,180532,10000
10899,SCHEDULE,W_Valideren aanvraag,2012-01-12 16:16:20.729000+00:00,2011-12-29 14:27:23.173000+00:00,196413,5100
11179,COMPLETE,O_SENT,2012-01-09 10:48:12.321000+00:00,2012-01-08 21:41:51.655000+00:00,199098,3000
11180,COMPLETE,W_Nabellen offertes,2011-12-19 16:24:12.871000+00:00,2011-12-13 15:05:42.754000+00:00,193255,30000
11201,COMPLETE,W_Completeren aanvraag,2011-10-17 11:06:26.073000+00:00,2011-10-17 10:39:13.744000+00:00,177426,5000
11189,COMPLETE,W_Nabellen offertes,2011-10-27 12:43:06.135000+00:00,2011-10-11 10:23:31.606000+00:00,176146,10000
11203,COMPLETE,W_Nabellen offertes,2011-10-26 18:12:28.384000+00:00,2011-10-15 17:34:25.881000+00:00,177200,5000
112,COMPLETE,A_DECLINED,2011-10-27 22:01:49.288000+00:00,2011-10-27 22:01:05.794000+00:00,180406,5000
10910,COMPLETE,W_Afhandelen leads,2011-12-02 09:32:54.144000+00:00,2011-12-01 21:28:58.400000+00:00,190600,25000
11169,COMPLETE,W_Completeren aanvraag,2012-02-10 11:39:45.487000+00:00,2012-02-10 11:31:51.655000+00:00,208049,8000
11049,COMPLETE,W_Nabellen offertes,2012-01-02 13:50:31.254000+00:00,2011-12-27 12:33:45.780000+00:00,195800,7500
10932,COMPLETE,A_ACCEPTED,2011-12-19 09:43:47.990000+00:00,2011-12-18 13:30:11.800000+00:00,194311,7000
10913,COMPLETE,O_CREATED,2012-01-16 15:35:12.379000+00:00,2012-01-15 18:06:53.875000+00:00,201099,25000
10809,COMPLETE,W_Valideren aanvraag,2012-01-16 11:05:46.905000+00:00,2012-01-04 13:03:07.742000+00:00,197900,30000
10910,COMPLETE,O_CREATED,2011-12-19 11:20:51.719000+00:00,2011-12-19 10:53:03.109000+00:00,194412,30000
11179,SCHEDULE,W_Nabellen offertes,2012-01-02 15:03:44.790000+00:00,2012-01-02 12:15:20.589000+00:00,197093,50000
112,SCHEDULE,W_Afhandelen leads,2012-01-20 18:16:48.346000+00:00,2012-01-20 18:16:08.524000+00:00,202668,5000
112,SCHEDULE,W_Completeren aanvraag,2011-11-20 12:12:21.933000+00:00,2011-11-20 12:11:36.347000+00:00,187481,15000
11181,COMPLETE,W_Completeren aanvraag,2011-11-02 20:20:48.124000+00:00,2011-10-27 22:25:52.330000+00:00,180409,9000
10939,COMPLETE,A_DECLINED,2012-01-03 14:55:28.303000+00:00,2012-01-03 13:22:39.735000+00:00,197524,2500
11049,START,W_Nabellen incomplete dossiers,2012-01-16 09:28:17.801000+00:00,2012-01-03 20:56:06.771000+00:00,197707,25000
10933,COMPLETE,W_Completeren aanvraag,2012-02-23 17:27:45.697000+00:00,2012-02-23 13:52:36.490000+00:00,212145,5000
112,COMPLETE,A_PARTLYSUBMITTED,2012-02-21 21:30:14.844000+00:00,2012-02-21 21:30:05.299000+00:00,211603,12000
10935,COMPLETE,O_SELECTED,2012-01-20 15:52:43.260000+00:00,2012-01-19 13:00:01.544000+00:00,202271,12500
11049,SCHEDULE,W_Valideren aanvraag,2011-11-22 11:09:11.292000+00:00,2011-11-08 19:10:22.926000+00:00,183223,35000
11180,SCHEDULE,W_Completeren aanvraag,2012-01-18 18:50:34.351000+00:00,2012-01-18 18:12:03.806000+00:00,202080,17000
10899,COMPLETE,W_Nabellen incomplete dossiers,2012-02-02 11:09:03.922000+00:00,2012-01-10 17:53:14.221000+00:00,199654,3000
11189,SCHEDULE,W_Nabellen offertes,2011-10-27 16:23:25.986000+00:00,2011-10-27 15:52:02.030000+00:00,180283,25000
11002,COMPLETE,W_Completeren aanvraag,2012-02-11 16:37:41.289000+00:00,2012-02-10 23:26:36.367000+00:00,208316,1000
112,COMPLETE,A_DECLINED,2012-02-22 12:04:59.984000+00:00,2012-02-22 12:04:19.370000+00:00,211733,5000
11201,START,W_Completeren aanvraag,2011-10-10 17:34:39.588000+00:00,2011-10-10 12:00:06.263000+00:00,175910,10000
10629,COMPLETE,W_Valideren aanvraag,2012-01-20 14:57:25.157000+00:00,2012-01-10 21:32:58.554000+00:00,199735,7500
11201,COMPLETE,W_Completeren aanvraag,2011-10-17 15:13:07.748000+00:00,2011-10-05 15:55:32.150000+00:00,174806,25000
112,COMPLETE,A_SUBMITTED,2011-11-16 15:49:20.725000+00:00,2011-11-16 15:49:20.725000+00:00,185861,15000
10909,COMPLETE,W_Nabellen offertes,2012-02-11 16:20:08.311000+00:00,2012-01-25 01:17:29.748000+00:00,203780,25000
10609,START,W_Valideren aanvraag,2012-01-16 09:20:20.796000+00:00,2011-12-28 12:16:18.263000+00:00,196036,7500
10809,COMPLETE,O_ACCEPTED,2011-12-09 08:57:26.207000+00:00,2011-11-21 22:33:15.688000+00:00,187954,15000
10809,COMPLETE,W_Nabellen incomplete dossiers,2012-03-02 12:15:36.165000+00:00,2012-02-01 11:16:39.563000+00:00,205553,9000
11201,START,W_Completeren aanvraag,2011-11-21 19:07:24.847000+00:00,2011-11-18 22:10:39.718000+00:00,187244,15000
112,COMPLETE,A_SUBMITTED,2012-02-07 18:24:31.024000+00:00,2012-02-07 18:24:31.023000+00:00,207239,50000
10863,START,W_Completeren aanvraag,2012-01-09 20:24:19.160000+00:00,2012-01-02 15:13:55.416000+00:00,197198,16000
11003,COMPLETE,W_Nabellen offertes,2011-12-12 15:17:12.995000+00:00,2011-12-03 08:43:45.112000+00:00,190875,35035
10933,COMPLETE,A_FINALIZED,2011-10-20 17:35:35.877000+00:00,2011-10-19 18:08:29.616000+00:00,178317,5000
10889,COMPLETE,W_Completeren aanvraag,2011-11-11 13:50:24.297000+00:00,2011-11-10 20:46:48.527000+00:00,184297,5500
112,COMPLETE,A_PREACCEPTED,2012-01-27 19:31:23.353000+00:00,2012-01-27 19:30:42.354000+00:00,204511,4000
11181,START,W_Completeren aanvraag,2011-11-03 17:23:43.324000+00:00,2011-11-03 16:49:46.880000+00:00,182017,3000
112,COMPLETE,A_PARTLYSUBMITTED,2011-11-10 19:49:30.337000+00:00,2011-11-10 19:49:30.259000+00:00,184264,50000
11181,START,W_Nabellen incomplete dossiers,2012-02-10 20:43:58.494000+00:00,2012-01-22 22:15:20.112000+00:00,203079,50000
11009,COMPLETE,W_Afhandelen leads,2012-02-14 16:44:01.456000+00:00,2012-02-14 16:07:47.292000+00:00,209365,25000
10931,START,W_Nabellen incomplete dossiers,2011-11-21 09:32:20.520000+00:00,2011-10-19 14:04:33.801000+00:00,178215,8000
11180,COMPLETE,W_Nabellen offertes,2011-12-15 09:15:37.777000+00:00,2011-11-14 12:19:46.257000+00:00,185165,35000
112,COMPLETE,A_PREACCEPTED,2012-02-02 20:20:36.913000+00:00,2012-02-02 20:19:56.647000+00:00,206026,25000
,COMPLETE,W_Nabellen incomplete dossiers,2011-12-13 19:53:41.128000+00:00,2011-11-28 12:12:55.207000+00:00,189496,10000
10138,COMPLETE,W_Nabellen incomplete dossiers,2012-02-09 17:57:33.533000+00:00,2012-01-26 18:56:51.976000+00:00,204293,40000
,START,W_Completeren aanvraag,2011-10-11 12:35:46.668000+00:00,2011-10-09 23:16:09.586000+00:00,175840,7500
112,COMPLETE,A_CANCELLED,2011-12-05 09:15:23.994000+00:00,2011-11-04 17:07:11.080000+00:00,182290,5000
10939,COMPLETE,W_Afhandelen leads,2011-12-27 11:54:16.965000+00:00,2011-12-27 10:30:19.793000+00:00,195761,10000
11201,START,W_Completeren aanvraag,2012-01-17 17:02:35.143000+00:00,2012-01-14 18:19:27.781000+00:00,200937,26500
10889,START,W_Completeren aanvraag,2011-12-26 13:20:31.968000+00:00,2011-12-25 22:14:25.058000+00:00,195566,6500
10138,START,W_Valideren aanvraag,2011-10-21 10:17:46.341000+00:00,2011-10-10 22:11:45.655000+00:00,176087,25000
,COMPLETE,W_Completeren aanvraag,2011-11-28 14:15:50.034000+00:00,2011-11-27 16:17:30.391000+00:00,189358,4000
11180,START,W_Nabellen incomplete dossiers,2012-02-06 20:32:19.705000+00:00,2012-01-20 20:28:26.697000+00:00,202701,15000
112,COMPLETE,A_PREACCEPTED,2012-01-23 13:46:30.193000+00:00,2012-01-23 13:45:46.287000+00:00,203230,50000
112,SCHEDULE,W_Afhandelen leads,2011-11-24 20:16:54.543000+00:00,2011-11-24 20:16:44.792000+00:00,188822,7000
10982,START,W_Nabellen incomplete dossiers,2012-01-02 16:51:21.151000+00:00,2011-12-21 14:09:20.320000+00:00,194934,5000
10933,COMPLETE,W_Nabellen offertes,2012-02-13 18:40:22.099000+00:00,2012-02-12 16:57:50.018000+00:00,208607,30000
10909,START,W_Completeren aanvraag,2012-02-18 10:15:20.596000+00:00,2012-02-17 09:56:00.935000+00:00,210320,50000
10863,START,W_Nabellen incomplete dossiers,2012-02-07 15:59:35.271000+00:00,2012-01-06 14:52:51.806000+00:00,198633,15000
10910,SCHEDULE,W_Nabellen offertes,2011-12-20 16:30:01.675000+00:00,2011-12-20 15:27:00.152000+00:00,194719,35000
11181,COMPLETE,W_Nabellen offertes,2011-11-01 16:23:33.723000+00:00,2011-10-20 22:46:40.787000+00:00,178722,10000
11049,COMPLETE,W_Nabellen incomplete dossiers,2011-11-10 11:20:26.767000+00:00,2011-10-30 18:05:25.815000+00:00,180817,50000
11000,COMPLETE,O_CANCELLED,2012-02-01 14:19:00.866000+00:00,2012-01-24 17:44:36.226000+00:00,203651,6000
11189,START,W_Completeren aanvraag,2011-11-03 09:42:24.983000+00:00,2011-11-02 20:35:34.201000+00:00,181793,3000
112,SCHEDULE,W_Completeren aanvraag,2011-10-18 20:54:02.773000+00:00,2011-10-18 20:53:26.733000+00:00,177983,5000
11019,SCHEDULE,W_Nabellen offertes,2011-10-14 11:30:47.331000+00:00,2011-10-10 22:57:51.275000+00:00,176093,3000
11189,COMPLETE,A_DECLINED,2011-10-19 09:26:39.688000+00:00,2011-10-19 00:05:29.270000+00:00,178028,2100
11121,START,W_Completeren aanvraag,2011-10-19 20:58:12.062000+00:00,2011-10-19 19:50:40.738000+00:00,178365,20000
10972,COMPLETE,W_Valideren aanvraag,2012-01-30 12:27:25.630000+00:00,2012-01-23 10:19:00.965000+00:00,203152,15000
112,COMPLETE,A_PARTLYSUBMITTED,2012-01-30 21:21:36.323000+00:00,2012-01-30 21:21:36.174000+00:00,205131,25000
112,COMPLETE,A_CANCELLED,2012-01-29 09:15:39.513000+00:00,2011-12-25 20:35:28.467000+00:00,195560,5000
11259,SCHEDULE,W_Valideren aanvraag,2012-01-18 13:23:39.025000+00:00,2012-01-10 21:13:52.632000+00:00,199726,13000
10912,COMPLETE,A_FINALIZED,2012-01-20 16:55:42.501000+00:00,2012-01-20 16:19:09.754000+00:00,202632,50000
11169,START,W_Completeren aanvraag,2011-11-08 10:23:27.845000+00:00,2011-11-07 21:35:59.877000+00:00,182969,10000
11259,START,W_Nabellen offertes,2012-01-23 11:35:10.364000+00:00,2012-01-10 23:50:51.550000+00:00,199768,38000
10609,COMPLETE,W_Valideren aanvraag,2012-01-30 13:22:13.460000+00:00,2012-01-06 14:52:51.806000+00:00,198633,15000
11003,COMPLETE,O_SELECTED,2011-12-29 17:29:25.297000+00:00,2011-12-28 12:16:18.263000+00:00,196036,7500
10933,START,W_Completeren aanvraag,2011-11-23 17:53:56.083000+00:00,2011-11-23 17:34:46.948000+00:00,188506,17500
112,SCHEDULE,W_Afhandelen leads,2011-12-14 19:58:43.815000+00:00,2011-12-14 19:58:04.876000+00:00,193626,4000
,SCHEDULE,W_Nabellen offertes,2011-10-12 15:34:47.530000+00:00,2011-10-12 03:52:09.595000+00:00,176345,20000
10929,START,W_Nabellen incomplete dossiers,2012-01-17 19:34:10.366000+00:00,2011-12-28 15:20:24.423000+00:00,196099,12500
,COMPLETE,W_Nabellen offertes,2011-10-26 12:45:37.314000+00:00,2011-10-14 14:58:08.055000+00:00,176984,12500
,COMPLETE,W_Afhandelen leads,2011-11-22 11:59:56.403000+00:00,2011-11-22 11:33:41.762000+00:00,188050,5000
10932,COMPLETE,W_Nabellen offertes,2012-03-08 09:15:47.628000+00:00,2012-02-04 18:07:19.655000+00:00,206504,12500
10899,START,W_Nabellen offertes,2012-02-21 10:46:48.264000+00:00,2012-02-14 13:59:09.197000+00:00,209302,30000
112,COMPLETE,A_PARTLYSUBMITTED,2012-01-02 08:35:55.870000+00:00,2012-01-02 08:35:54.627000+00:00,197042,2000
10909,START,W_Completeren aanvraag,2011-12-07 11:27:54.152000+00:00,2011-12-06 12:07:23.070000+00:00,191632,7500
10909,COMPLETE,W_Nabellen incomplete dossiers,2011-12-20 11:19:49.454000+00:00,2011-12-01 22:54:28.653000+00:00,190627,50000
,COMPLETE,W_Nabellen offertes,2011-11-11 12:41:48.850000+00:00,2011-11-06 14:58:14.892000+00:00,182596,50000
11189,COMPLETE,W_Completeren aanvraag,2012-01-04 10:09:36.086000+00:00,2012-01-03 15:37:46.266000+00:00,197590,32000
11120,COMPLETE,O_SELECTED,2011-10-14 12:25:39.323000+00:00,2011-10-14 07:56:11.447000+00:00,176879,5000
10861,COMPLETE,W_Nabellen offertes,2011-12-27 19:10:36.251000+00:00,2011-12-19 19:32:47.586000+00:00,194541,5500
112,COMPLETE,A_PREACCEPTED,2012-02-09 09:59:25.932000+00:00,2012-02-09 09:58:47.058000+00:00,207729,20000
112,COMPLETE,A_PARTLYSUBMITTED,2012-02-05 17:18:44.615000+00:00,2012-02-05 17:18:44.339000+00:00,206621,6000
11169,SCHEDULE,W_Nabellen offertes,2012-01-06 16:34:19.334000+00:00,2012-01-06 14:36:49.064000+00:00,198627,9500
10789,COMPLETE,O_SENT_BACK,2012-03-02 11:31:14.810000+00:00,2012-02-20 09:37:47.157000+00:00,210969,20000
11189,START,W_Completeren aanvraag,2011-12-13 14:31:55.910000+00:00,2011-12-12 14:54:16.216000+00:00,192963,18000
11121,START,W_Nabellen offertes,2011-11-01 11:27:30.985000+00:00,2011-10-05 10:43:19.578000+00:00,174644,12500
11122,COMPLETE,O_SENT,2011-10-27 19:55:07.294000+00:00,2011-10-26 10:57:43.510000+00:00,179929,40000
,SCHEDULE,W_Completeren aanvraag,2011-10-31 12:06:45.757000+00:00,2011-10-31 11:54:52.278000+00:00,180956,5000
11169,START,W_Completeren aanvraag,2011-11-04 14:32:39.305000+00:00,2011-11-03 22:24:42.280000+00:00,182101,7000
11180,SCHEDULE,W_Nabellen offertes,2011-12-19 14:44:12.321000+00:00,2011-12-16 10:27:58.827000+00:00,193968,17500
112,COMPLETE,A_PREACCEPTED,2012-02-10 16:05:32.900000+00:00,2012-02-10 16:05:00.723000+00:00,208181,10000
112,COMPLETE,A_PARTLYSUBMITTED,2012-02-13 13:06:32.056000+00:00,2012-02-13 13:06:31.862000+00:00,208805,7000
11189,COMPLETE,W_Afhandelen leads,2011-10-20 11:18:36.047000+00:00,2011-10-20 11:02:00.125000+00:00,178512,5000
10933,COMPLETE,A_CANCELLED,2012-02-23 18:16:27.177000+00:00,2012-02-22 10:00:21.335000+00:00,211664,30000
10972,START,W_Valideren aanvraag,2012-02-02 10:33:31.368000+00:00,2012-01-22 21:16:57.933000+00:00,203061,15000
,START,W_Completeren aanvraag,2011-10-18 09:17:13.342000+00:00,2011-10-17 21:22:26.723000+00:00,177663,5000
10929,START,W_Completeren aanvraag,2011-12-15 20:51:01.988000+00:00,2011-11-15 13:31:27.611000+00:00,185539,23000
10932,START,W_Completeren aanvraag,2012-02-28 10:26:18.854000+00:00,2012-02-27 11:48:24.070000+00:00,213228,15000
10863,START,W_Nabellen offertes,2012-02-29 16:14:17.421000+00:00,2012-02-27 18:06:47.801000+00:00,213417,15000
11180,START,W_Nabellen offertes,2011-11-24 18:17:28.687000+00:00,2011-10-17 14:41:02.742000+00:00,177516,25000
10932,START,W_Nabellen offertes,2012-02-21 10:44:24.455000+00:00,2012-02-04 18:07:19.655000+00:00,206504,12500
11169,START,W_Nabellen offertes,2011-12-08 15:41:37.555000+00:00,2011-12-08 12:29:01.455000+00:00,192187,12000
10809,START,W_Valideren aanvraag,2012-01-30 11:19:18.254000+00:00,2012-01-17 12:22:12.920000+00:00,201644,17500
10910,START,W_Completeren aanvraag,2012-01-13 15:30:09.266000+00:00,2012-01-12 19:43:07.987000+00:00,200368,7500
10972,START,W_Valideren aanvraag,2012-03-13 11:08:47.934000+00:00,2012-02-21 13:05:04.867000+00:00,211459,30000
10861,COMPLETE,W_Completeren aanvraag,2012-02-08 11:40:22.422000+00:00,2012-02-06 14:52:45.144000+00:00,206811,14000
10913,START,W_Nabellen incomplete dossiers,2011-10-28 20:36:09.743000+00:00,2011-10-19 14:46:42.214000+00:00,178245,10000
10912,COMPLETE,A_DECLINED,2012-01-21 10:17:25.297000+00:00,2012-01-21 01:18:32.580000+00:00,202746,25000
11200,COMPLETE,O_SENT,2011-12-14 18:10:45.080000+00:00,2011-12-13 23:54:26.878000+00:00,193408,23000
11203,COMPLETE,W_Completeren aanvraag,2011-11-07 11:09:21.636000+00:00,2011-11-03 22:22:06.980000+00:00,182098,15000
10899,START,W_Nabellen incomplete dossiers,2012-03-05 14:40:53.632000+00:00,2012-02-15 14:33:41.437000+00:00,209712,25000
10910,SCHEDULE,W_Completeren aanvraag,2012-01-02 16:29:14.727000+00:00,2012-01-02 16:22:49.989000+00:00,197240,27500
11019,COMPLETE,W_Completeren aanvraag,2012-02-10 15:16:32.959000+00:00,2012-02-09 13:00:33.024000+00:00,207804,17000
10138,COMPLETE,W_Valideren aanvraag,2011-12-14 09:45:15.342000+00:00,2011-12-03 22:50:36.973000+00:00,191049,15000
112,COMPLETE,A_SUBMITTED,2011-11-28 11:22:23.376000+00:00,2011-11-28 11:22:23.376000+00:00,189472,11500
11049,COMPLETE,W_Nabellen incomplete dossiers,2011-11-24 11:18:09.608000+00:00,2011-11-09 19:51:02.094000+00:00,183579,10000
10899,START,W_Nabellen offertes,2012-02-27 10:54:53.554000+00:00,2012-02-20 14:13:35.349000+00:00,211110,40000
112,COMPLETE,A_SUBMITTED,2012-01-15 09:13:32.620000+00:00,2012-01-15 09:13:32.620000+00:00,201006,12500
11200,COMPLETE,A_FINALIZED,2011-10-14 18:10:39.649000+00:00,2011-10-14 17:46:14.463000+00:00,177029,16000
11201,START,W_Completeren aanvraag,2012-02-02 09:47:22.152000+00:00,2012-01-24 18:15:41.976000+00:00,203666,5000
11189,START,W_Completeren aanvraag,2011-10-21 10:27:49.952000+00:00,2011-10-20 22:43:50.905000+00:00,178719,5000
11009,START,W_Afhandelen leads,2012-02-27 11:12:19.475000+00:00,2012-02-26 16:52:51.652000+00:00,212986,3500
10913,COMPLETE,A_FINALIZED,2012-01-07 12:46:37.454000+00:00,2012-01-06 13:07:50.797000+00:00,198582,25000
11181,COMPLETE,A_FINALIZED,2011-10-28 18:53:36.610000+00:00,2011-10-27 20:16:13.985000+00:00,180373,31000
10912,START,W_Afhandelen leads,2012-01-20 18:12:32.297000+00:00,2012-01-20 15:26:26.172000+00:00,202617,25000
10138,COMPLETE,A_APPROVED,2012-01-05 15:31:12.504000+00:00,2011-12-22 20:20:23.858000+00:00,195223,5000
10909,COMPLETE,W_Nabellen offertes,2011-11-28 10:27:14.150000+00:00,2011-11-27 02:07:52.401000+00:00,189262,11000
112,COMPLETE,A_SUBMITTED,2011-10-22 11:22:41.464000+00:00,2011-10-22 11:22:41.464000+00:00,179023,29000
11203,COMPLETE,O_SENT,2011-11-18 21:04:38.083000+00:00,2011-11-18 19:41:02.097000+00:00,187178,5000
112,COMPLETE,A_SUBMITTED,2011-11-07 21:34:32.126000+00:00,2011-11-07 21:34:32.126000+00:00,182966,75000
10881,COMPLETE,A_ACCEPTED,2012-01-03 16:51:02.121000+00:00,2011-12-27 10:26:14.417000+00:00,195752,75000
11201,START,W_Nabellen offertes,2012-02-02 12:25:13.828000+00:00,2012-01-23 14:08:05.890000+00:00,203236,34000
10138,START,W_Valideren aanvraag,2011-12-09 08:49:06.347000+00:00,2011-11-28 14:04:12.756000+00:00,189544,10000
11259,SCHEDULE,W_Valideren aanvraag,2012-02-22 11:39:34.358000+00:00,2011-11-29 12:31:07.629000+00:00,189805,25000
11319,START,W_Completeren aanvraag,2012-02-27 17:17:02.547000+00:00,2012-02-24 17:22:55.517000+00:00,212557,5000
112,COMPLETE,A_SUBMITTED,2012-02-20 20:09:41.140000+00:00,2012-02-20 20:09:41.140000+00:00,211281,11500
11049,START,W_Nabellen incomplete dossiers,2012-01-23 09:06:25.678000+00:00,2012-01-10 21:20:18.275000+00:00,199729,5000
112,COMPLETE,A_PARTLYSUBMITTED,2012-01-04 20:21:01.828000+00:00,2012-01-04 20:21:01.546000+00:00,198083,10500
10899,COMPLETE,O_SENT_BACK,2011-10-10 12:59:24.052000+00:00,2011-10-04 13:11:45.190000+00:00,174382,5000
10982,SCHEDULE,W_Nabellen offertes,2011-12-12 16:47:11.299000+00:00,2011-12-11 15:16:29.871000+00:00,192740,15000
112,COMPLETE,A_SUBMITTED,2012-01-17 15:10:11.751000+00:00,2012-01-17 15:10:11.751000+00:00,201719,10000
10972,COMPLETE,A_REGISTERED,2011-10-24 14:19:10.368000+00:00,2011-10-07 10:43:07.300000+00:00,175281,15000
,COMPLETE,W_Nabellen offertes,2011-10-27 20:54:25.196000+00:00,2011-10-19 19:14:21.271000+00:00,178356,15000
112,SCHEDULE,W_Completeren aanvraag,2012-01-26 18:00:55.244000+00:00,2012-01-26 18:00:14.839000+00:00,204278,25000
10971,COMPLETE,A_ACCEPTED,2011-12-10 15:37:16.245000+00:00,2011-12-10 13:20:43.192000+00:00,192560,12497
112,COMPLETE,A_SUBMITTED,2011-11-28 01:25:39.885000+00:00,2011-11-28 01:25:39.884000+00:00,189433,11000
10881,START,W_Nabellen offertes,2012-01-30 19:47:25+00:00,2012-01-15 20:47:19.787000+00:00,201144,3250
11119,COMPLETE,W_Afhandelen leads,2012-01-05 20:53:23.136000+00:00,2012-01-05 19:44:40.059000+00:00,198409,5000
11181,START,W_Nabellen offertes,2011-10-29 15:28:06.424000+00:00,2011-10-22 11:50:00.316000+00:00,179032,20000
11201,START,W_Completeren aanvraag,2011-10-31 13:44:08.637000+00:00,2011-10-29 18:41:57.314000+00:00,180703,8000
10809,COMPLETE,W_Valideren aanvraag,2011-12-16 09:19:03.700000+00:00,2011-12-05 11:32:43.220000+00:00,191296,40000
10609,START,W_Valideren aanvraag,2011-12-05 09:30:04.781000+00:00,2011-11-22 16:29:17.163000+00:00,188140,10000
10910,COMPLETE,O_CANCELLED,2011-11-25 16:53:50.778000+00:00,2011-10-24 23:19:38.689000+00:00,179591,20000
10861,START,W_Completeren aanvraag,2011-11-19 10:58:48.108000+00:00,2011-11-10 21:28:49.400000+00:00,184315,5000
112,COMPLETE,A_PARTLYSUBMITTED,2012-02-02 21:25:40.647000+00:00,2012-02-02 21:25:40.426000+00:00,206074,49250
11049,COMPLETE,W_Nabellen incomplete dossiers,2011-12-20 09:10:11.462000+00:00,2011-12-09 19:27:17.714000+00:00,192464,5000
11203,COMPLETE,W_Completeren aanvraag,2011-11-05 10:58:24.130000+00:00,2011-10-28 14:31:19.143000+00:00,180526,50000
,COMPLETE,W_Nabellen offertes,2011-12-23 19:40:43.984000+00:00,2011-12-11 14:02:09.423000+00:00,192722,20000
10913,COMPLETE,W_Completeren aanvraag,2011-11-03 13:30:19.951000+00:00,2011-11-01 14:47:41.496000+00:00,181339,9950
10779,COMPLETE,A_CANCELLED,2011-12-12 10:08:30.838000+00:00,2011-12-12 09:48:48.482000+00:00,192849,20000
,START,W_Completeren aanvraag,2011-12-07 19:05:13.912000+00:00,2011-11-27 14:05:11.159000+00:00,189325,5000
11009,SCHEDULE,W_Nabellen offertes,2012-02-27 11:37:35.806000+00:00,2012-02-27 11:25:00.697000+00:00,213198,15000
11200,COMPLETE,A_FINALIZED,2011-11-10 12:05:15.811000+00:00,2011-11-10 09:40:55.647000+00:00,183706,25000
10982,START,W_Nabellen offertes,2011-12-17 12:49:39.161000+00:00,2011-12-10 15:38:48.472000+00:00,192608,20000
112,COMPLETE,A_SUBMITTED,2011-10-09 23:16:09.586000+00:00,2011-10-09 23:16:09.586000+00:00,175840,7500
10809,START,W_Nabellen incomplete dossiers,2011-12-13 14:38:46.191000+00:00,2011-11-29 10:04:19.834000+00:00,189760,13000
11121,COMPLETE,W_Nabellen offertes,2011-12-13 11:31:26.303000+00:00,2011-10-24 22:37:02.515000+00:00,179585,18000
11169,COMPLETE,W_Nabellen incomplete dossiers,2012-02-17 16:28:40.452000+00:00,2012-02-01 12:10:55.813000+00:00,205562,7500
10913,START,W_Nabellen offertes,2012-03-09 20:41:59.556000+00:00,2012-02-18 23:19:12.836000+00:00,210734,30000
112,COMPLETE,A_PARTLYSUBMITTED,2012-02-14 21:34:37.421000+00:00,2012-02-14 21:34:37.253000+00:00,209467,30000
10929,COMPLETE,W_Nabellen incomplete dossiers,2011-11-29 16:23:33.196000+00:00,2011-11-09 15:40:30.859000+00:00,183495,15000
10913,START,W_Completeren aanvraag,2012-02-10 20:09:02.684000+00:00,2012-02-10 15:49:53.864000+00:00,208166,7000
11201,COMPLETE,W_Completeren aanvraag,2012-02-09 16:55:54.589000+00:00,2012-02-09 10:21:41.735000+00:00,207744,11000
10861,COMPLETE,A_ACCEPTED,2011-11-21 13:57:14.871000+00:00,2011-11-21 13:09:37.820000+00:00,187747,25000
112,COMPLETE,A_SUBMITTED,2011-11-30 11:42:48.578000+00:00,2011-11-30 11:42:48.578000+00:00,190114,500
10932,COMPLETE,W_Nabellen incomplete dossiers,2012-03-06 11:24:43.919000+00:00,2012-02-17 15:32:46.008000+00:00,210416,20000
112,COMPLETE,A_SUBMITTED,2011-10-16 13:59:27.720000+00:00,2011-10-16 13:59:27.720000+00:00,177287,7680
10932,COMPLETE,O_CREATED,2011-12-19 16:48:59.597000+00:00,2011-12-17 20:47:57.633000+00:00,194278,9000
10881,COMPLETE,A_DECLINED,2012-02-28 09:01:58.412000+00:00,2012-02-28 00:35:29.877000+00:00,213578,1500
10629,SCHEDULE,W_Completeren aanvraag,2011-10-14 19:29:25.087000+00:00,2011-10-14 17:17:31.276000+00:00,177023,9400
11000,START,W_Nabellen incomplete dossiers,2011-12-22 09:50:33.145000+00:00,2011-12-12 18:02:45.825000+00:00,193035,5000
10909,START,W_Completeren aanvraag,2012-02-13 10:37:27.159000+00:00,2012-02-11 13:03:05.941000+00:00,208397,1000
10863,COMPLETE,W_Nabellen offertes,2011-11-28 20:09:34.572000+00:00,2011-11-14 14:15:37.195000+00:00,185213,5000
11169,START,W_Nabellen offertes,2012-01-24 15:28:37.001000+00:00,2012-01-21 14:39:49.856000+00:00,202830,25000
10929,START,W_Completeren aanvraag,2012-01-16 13:59:52.650000+00:00,2012-01-14 17:58:07.410000+00:00,200931,20000
10932,COMPLETE,O_CREATED,2012-01-09 13:47:05.476000+00:00,2012-01-05 23:35:00.818000+00:00,198484,5000
112,COMPLETE,A_SUBMITTED,2012-02-19 09:42:30.384000+00:00,2012-02-19 09:42:30.383000+00:00,210746,28500
,SCHEDULE,W_Valideren aanvraag,2011-11-16 10:12:27.073000+00:00,2011-11-07 14:54:12.431000+00:00,182831,10000
112,SCHEDULE,W_Completeren aanvraag,2012-02-27 09:12:29.372000+00:00,2012-02-27 09:11:52.763000+00:00,213126,30000
112,COMPLETE,A_PARTLYSUBMITTED,2012-02-22 16:13:45.397000+00:00,2012-02-22 16:13:45.235000+00:00,211832,5000
10609,START,W_Valideren aanvraag,2012-02-01 09:49:08.515000+00:00,2012-01-23 20:11:30.246000+00:00,203365,8000
10913,COMPLETE,W_Completeren aanvraag,2011-12-28 19:33:01.032000+00:00,2011-12-28 14:19:43.925000+00:00,196072,40000
11259,SCHEDULE,W_Valideren aanvraag,2012-02-28 10:44:19.097000+00:00,2012-02-18 19:51:59.255000+00:00,210683,5000
112,COMPLETE,A_PARTLYSUBMITTED,2011-10-20 23:03:14.046000+00:00,2011-10-20 23:03:07.941000+00:00,178739,25000
112,COMPLETE,A_SUBMITTED,2012-02-17 11:05:05.950000+00:00,2012-02-17 11:05:05.950000+00:00,210338,10000
10609,COMPLETE,W_Valideren aanvraag,2011-12-19 08:22:41.787000+00:00,2011-11-30 19:36:33.523000+00:00,190240,5000
11201,COMPLETE,W_Nabellen offertes,2011-10-21 19:52:04.725000+00:00,2011-10-13 14:53:15.302000+00:00,176714,25000
10933,START,W_Nabellen offertes,2012-02-23 20:44:08.100000+00:00,2012-02-03 11:29:07.576000+00:00,206201,25000
10912,START,W_Valideren aanvraag,2012-02-21 12:44:47.110000+00:00,2012-01-24 10:35:42.136000+00:00,203504,10000
11122,START,W_Nabellen offertes,2011-11-09 19:44:56.078000+00:00,2011-11-09 18:15:07.487000+00:00,183543,21000
11009,START,W_Afhandelen leads,2012-02-13 14:27:16.566000+00:00,2012-02-13 13:59:16.748000+00:00,208826,1000
112,COMPLETE,A_DECLINED,2012-02-21 09:34:30.487000+00:00,2012-02-21 09:33:47.385000+00:00,211369,15000
112,COMPLETE,A_SUBMITTED,2012-02-20 17:21:29.906000+00:00,2012-02-20 17:21:29.905000+00:00,211209,20000
11181,COMPLETE,W_Nabellen offertes,2011-12-23 18:03:40.442000+00:00,2011-12-03 22:23:33.464000+00:00,191043,10000
,START,W_Completeren aanvraag,2011-11-11 14:30:38.532000+00:00,2011-11-10 14:55:54.231000+00:00,184012,10000
10861,START,W_Completeren aanvraag,2011-10-28 11:25:36.995000+00:00,2011-10-27 20:45:31.952000+00:00,180391,25000
11169,START,W_Afhandelen leads,2012-01-17 09:17:44.837000+00:00,2012-01-16 21:02:58.650000+00:00,201496,35000
11019,COMPLETE,W_Nabellen offertes,2011-12-27 09:16:18.034000+00:00,2011-12-06 10:39:04.706000+00:00,191617,16000
112,COMPLETE,A_DECLINED,2011-11-12 22:22:29.062000+00:00,2011-11-12 22:21:55.674000+00:00,184892,2000
11179,COMPLETE,O_SELECTED,2012-02-01 15:14:14.396000+00:00,2012-01-31 20:29:53.897000+00:00,205415,13000
11200,COMPLETE,O_SELECTED,2011-11-18 17:18:56.809000+00:00,2011-11-18 14:29:14.997000+00:00,187025,17500
10609,COMPLETE,A_REGISTERED,2011-11-15 12:50:28.812000+00:00,2011-10-01 19:05:56.897000+00:00,173784,5000
11003,COMPLETE,A_FINALIZED,2011-12-29 18:48:48.961000+00:00,2011-12-28 20:03:54.474000+00:00,196207,15000
,COMPLETE,W_Afhandelen leads,2011-11-11 12:19:23.631000+00:00,2011-11-11 11:51:47.118000+00:00,184481,50000
10931,COMPLETE,A_PREACCEPTED,2011-12-03 10:40:34.952000+00:00,2011-12-03 00:06:30.429000+00:00,190851,5000
11203,START,W_Completeren aanvraag,2012-01-06 20:13:48.305000+00:00,2012-01-04 14:32:05.245000+00:00,197924,5000
10909,START,W_Completeren aanvraag,2012-02-25 13:54:07.412000+00:00,2012-02-25 11:54:32.284000+00:00,212704,25000
112,SCHEDULE,W_Afhandelen leads,2011-10-28 09:13:26.678000+00:00,2011-10-28 09:12:03.519000+00:00,180442,5000
112,COMPLETE,A_PREACCEPTED,2011-11-29 10:38:49.239000+00:00,2011-11-29 10:38:05.294000+00:00,189772,20000
10909,START,W_Nabellen offertes,2012-02-11 10:17:19.721000+00:00,2012-01-11 18:32:55.258000+00:00,199974,30000
11189,START,W_Completeren aanvraag,2011-11-24 10:19:21.426000+00:00,2011-11-24 09:51:50.957000+00:00,188657,24362
11002,COMPLETE,O_SELECTED,2011-11-07 15:51:35.314000+00:00,2011-11-07 14:55:50.252000+00:00,182834,10000
10889,COMPLETE,W_Afhandelen leads,2011-11-01 16:47:18.944000+00:00,2011-11-01 16:22:10.726000+00:00,181363,25000
112,SCHEDULE,W_Completeren aanvraag,2011-12-19 21:16:24.281000+00:00,2011-12-19 21:15:48.503000+00:00,194562,25000
10929,COMPLETE,W_Nabellen incomplete dossiers,2011-12-02 12:59:48.154000+00:00,2011-11-14 17:52:45.360000+00:00,185279,5000
11119,COMPLETE,O_SELECTED,2012-01-10 20:23:59.824000+00:00,2012-01-10 16:23:09.532000+00:00,199624,15000
11181,COMPLETE,O_SELECTED,2012-01-28 13:39:32.239000+00:00,2012-01-12 00:26:04.236000+00:00,200103,10000
10913,COMPLETE,W_Nabellen incomplete dossiers,2011-10-21 17:40:33.436000+00:00,2011-10-04 23:22:39.434000+00:00,174559,10000
10629,COMPLETE,W_Valideren aanvraag,2012-02-13 10:16:37.629000+00:00,2012-02-02 17:35:18.180000+00:00,205960,5000
112,COMPLETE,A_PARTLYSUBMITTED,2012-02-06 16:19:30.727000+00:00,2012-02-06 16:19:30.478000+00:00,206835,15000
10861,SCHEDULE,W_Nabellen offertes,2012-02-14 19:14:32.227000+00:00,2012-02-13 17:41:23.819000+00:00,209000,50000
11181,START,W_Nabellen offertes,2011-12-28 19:25:58.232000+00:00,2011-12-14 19:03:43.868000+00:00,193608,15000
10138,COMPLETE,W_Valideren aanvraag,2012-02-16 20:44:27.007000+00:00,2012-01-14 22:13:01.699000+00:00,200982,25000
11302,START,W_Completeren aanvraag,2012-02-24 19:17:27.555000+00:00,2012-02-18 09:31:22.218000+00:00,210554,6500
11189,START,W_Completeren aanvraag,2011-10-06 09:08:03.261000+00:00,2011-10-05 21:09:57.132000+00:00,174926,7500
11019,START,W_Completeren aanvraag,2011-12-16 18:47:21.459000+00:00,2011-12-14 22:40:15.571000+00:00,193680,5000
10861,START,W_Nabellen offertes,2011-11-09 12:29:55.197000+00:00,2011-11-01 21:40:23.797000+00:00,181450,15000
10909,START,W_Nabellen incomplete dossiers,2012-01-07 11:17:09.622000+00:00,2011-12-01 09:54:00.584000+00:00,190354,20000
10913,SCHEDULE,W_Nabellen offertes,2011-11-14 18:36:50.889000+00:00,2011-10-17 19:25:28.756000+00:00,177618,8000
112,COMPLETE,A_CANCELLED,2011-12-18 09:15:37.709000+00:00,2011-11-17 07:18:03.379000+00:00,186139,5000
11169,START,W_Nabellen incomplete dossiers,2012-02-28 18:42:50.619000+00:00,2012-02-12 13:51:39.364000+00:00,208577,50000
112,COMPLETE,A_PARTLYSUBMITTED,2012-02-26 11:36:18.604000+00:00,2012-02-26 11:36:18.276000+00:00,212914,10000
10929,START,W_Nabellen incomplete dossiers,2011-12-07 12:27:56.576000+00:00,2011-11-28 14:27:38.854000+00:00,189550,36505
11179,START,W_Nabellen offertes,2012-02-08 11:30:08.216000+00:00,2011-12-28 13:05:02.492000+00:00,196045,10000
112,COMPLETE,A_SUBMITTED,2012-02-10 19:50:23.463000+00:00,2012-02-10 19:50:23.463000+00:00,208262,3500
10929,START,W_Nabellen offertes,2012-01-14 10:09:07.267000+00:00,2012-01-10 22:40:20.395000+00:00,199762,26000
10809,COMPLETE,W_Nabellen incomplete dossiers,2011-10-03 14:36:30.420000+00:00,2011-10-03 13:26:26.927000+00:00,174084,8400
112,SCHEDULE,W_Completeren aanvraag,2011-11-27 11:39:35.124000+00:00,2011-11-27 11:38:57.678000+00:00,189286,5000
10138,START,W_Valideren aanvraag,2012-01-13 13:51:10.163000+00:00,2012-01-03 15:37:46.266000+00:00,197590,32000
112,SCHEDULE,W_Afhandelen leads,2011-11-09 12:45:37.325000+00:00,2011-11-09 12:44:42.500000+00:00,183426,15000
112,COMPLETE,A_PREACCEPTED,2011-11-01 10:24:35.146000+00:00,2011-11-01 10:23:58.998000+00:00,181240,5000
112,SCHEDULE,W_Completeren aanvraag,2011-12-13 08:05:05.805000+00:00,2011-12-13 08:04:17.540000+00:00,193159,30000
11019,COMPLETE,O_SENT,2012-02-21 18:21:17.416000+00:00,2012-02-18 20:44:45.601000+00:00,210701,6000
11189,COMPLETE,W_Completeren aanvraag,2011-12-08 16:23:53.344000+00:00,2011-12-08 15:19:03.596000+00:00,192262,28000
10809,COMPLETE,O_SELECTED,2012-02-22 11:29:47.193000+00:00,2012-02-07 20:50:17.187000+00:00,207281,20000
11002,COMPLETE,W_Completeren aanvraag,2011-11-30 18:32:23.827000+00:00,2011-11-30 17:53:07.410000+00:00,190216,5000
112,SCHEDULE,W_Completeren aanvraag,2012-02-25 20:13:40.103000+00:00,2012-02-25 20:13:02.086000+00:00,212842,5000
10899,COMPLETE,O_SENT_BACK,2012-01-17 10:27:19.936000+00:00,2011-12-29 16:37:37.648000+00:00,196470,10000
10889,COMPLETE,W_Nabellen offertes,2012-02-01 18:24:43.842000+00:00,2012-01-24 16:50:19.016000+00:00,203630,6000
,COMPLETE,W_Nabellen offertes,2012-01-25 20:30:05.078000+00:00,2011-12-29 11:26:20.497000+00:00,196341,10000
10899,START,W_Nabellen offertes,2011-12-21 10:21:30.273000+00:00,2011-12-13 09:43:48.905000+00:00,193171,9750
10933,START,W_Nabellen offertes,2012-03-08 20:53:33.703000+00:00,2012-02-26 11:36:18.276000+00:00,212914,10000
112,COMPLETE,A_PREACCEPTED,2011-10-19 19:13:08.416000+00:00,2011-10-19 19:12:35.476000+00:00,178350,3500
112,SCHEDULE,W_Afhandelen leads,2011-12-01 14:58:23.587000+00:00,2011-12-01 14:57:51.422000+00:00,190489,9000
10912,COMPLETE,O_SELECTED,2012-01-30 19:39:44.310000+00:00,2012-01-30 18:47:25.912000+00:00,205086,12000
112,SCHEDULE,W_Afhandelen leads,2011-10-06 12:44:19.716000+00:00,2011-10-06 12:44:02.492000+00:00,175057,14226
10932,COMPLETE,W_Completeren aanvraag,2012-02-13 11:53:22.531000+00:00,2012-01-22 22:10:05.554000+00:00,203076,7500
11003,COMPLETE,W_Completeren aanvraag,2012-01-16 13:37:24.412000+00:00,2012-01-14 01:22:29.512000+00:00,200775,6000
10861,COMPLETE,W_Afhandelen leads,2012-02-15 09:08:20.397000+00:00,2012-02-14 21:17:27.225000+00:00,209458,5000
112,COMPLETE,A_SUBMITTED,2012-01-26 16:06:31.875000+00:00,2012-01-26 16:06:31.875000+00:00,204260,20000
11203,START,W_Completeren aanvraag,2011-11-05 10:22:52.999000+00:00,2011-10-31 15:22:39.161000+00:00,181025,3600
11169,COMPLETE,W_Afhandelen leads,2011-11-16 10:16:07.271000+00:00,2011-11-16 09:56:06.885000+00:00,185768,9000
10138,COMPLETE,A_ACTIVATED,2011-12-23 14:11:11.103000+00:00,2011-12-07 11:23:15.830000+00:00,191881,15000
10809,COMPLETE,O_ACCEPTED,2011-11-03 10:41:45.778000+00:00,2011-10-24 17:17:19.637000+00:00,179504,13000
,COMPLETE,W_Completeren aanvraag,2011-11-11 10:02:51.430000+00:00,2011-11-10 15:38:31.187000+00:00,184057,2000
10913,COMPLETE,W_Nabellen incomplete dossiers,2012-01-18 14:54:40.195000+00:00,2011-12-16 10:35:17.639000+00:00,193974,10000
10929,COMPLETE,W_Nabellen offertes,2012-01-03 14:30:49.118000+00:00,2012-01-03 13:57:06.426000+00:00,197533,6000
10933,START,W_Completeren aanvraag,2012-01-31 11:52:35.031000+00:00,2012-01-31 11:51:16.027000+00:00,205256,30000
,START,W_Nabellen offertes,2011-12-10 10:52:40.719000+00:00,2011-11-30 08:45:24.598000+00:00,190048,9000
,SCHEDULE,W_Valideren aanvraag,2011-10-31 11:03:57.358000+00:00,2011-10-21 15:34:00.349000+00:00,178894,5000
11181,START,W_Completeren aanvraag,2011-12-30 20:13:45.867000+00:00,2011-12-24 15:02:31.348000+00:00,195494,5000
112,COMPLETE,A_SUBMITTED,2012-01-16 17:48:11.968000+00:00,2012-01-16 17:48:11.967000+00:00,201421,700
11002,COMPLETE,W_Nabellen incomplete dossiers,2011-10-20 18:05:59.346000+00:00,2011-10-06 19:29:14.524000+00:00,175147,10000
11121,COMPLETE,W_Afhandelen leads,2012-01-25 14:48:14.909000+00:00,2012-01-25 13:59:37.129000+00:00,203928,9000
11119,SCHEDULE,W_Nabellen offertes,2012-01-04 18:13:23.998000+00:00,2012-01-04 12:30:31.272000+00:00,197879,9872
11189,COMPLETE,W_Completeren aanvraag,2011-12-13 11:06:08.734000+00:00,2011-12-13 10:50:44.366000+00:00,193186,7500
11300,COMPLETE,W_Completeren aanvraag,2012-02-29 11:55:11.440000+00:00,2012-02-29 04:05:31.500000+00:00,213969,50000
11300,COMPLETE,W_Nabellen offertes,2012-02-29 14:20:51.902000+00:00,2012-02-20 18:21:28.538000+00:00,211242,20000
10933,COMPLETE,W_Completeren aanvraag,2012-02-01 18:21:28.762000+00:00,2012-01-31 17:03:33.517000+00:00,205349,16500
10863,COMPLETE,A_DECLINED,2012-02-27 19:01:41.780000+00:00,2012-02-27 19:00:12.635000+00:00,213447,6500
112,COMPLETE,A_SUBMITTED,2012-01-16 10:29:02.724000+00:00,2012-01-16 10:29:02.724000+00:00,201250,6000
112,SCHEDULE,W_Afhandelen leads,2011-10-05 13:33:07.623000+00:00,2011-10-05 13:32:25.592000+00:00,174713,5000
112,COMPLETE,A_PREACCEPTED,2011-11-27 02:08:34.666000+00:00,2011-11-27 02:07:52.401000+00:00,189262,11000
10809,COMPLETE,W_Valideren aanvraag,2011-12-02 10:41:22.472000+00:00,2011-11-16 10:03:46.776000+00:00,185771,6000
,START,W_Nabellen offertes,2011-12-10 14:37:02.115000+00:00,2011-12-02 13:23:36.717000+00:00,190731,15000
11019,COMPLETE,O_SELECTED,2012-02-21 13:59:22.637000+00:00,2012-02-17 10:29:25.970000+00:00,210332,7250
11009,COMPLETE,W_Completeren aanvraag,2011-10-17 09:18:12.107000+00:00,2011-10-17 09:08:39.414000+00:00,177402,7500
10939,COMPLETE,W_Nabellen incomplete dossiers,2011-10-22 11:06:58.804000+00:00,2011-10-07 14:08:48.101000+00:00,175353,7000
,COMPLETE,W_Afhandelen leads,2011-10-24 09:48:59.860000+00:00,2011-10-23 15:48:42.332000+00:00,179242,12000
11181,COMPLETE,W_Nabellen incomplete dossiers,2011-12-30 17:42:07.812000+00:00,2011-11-07 14:35:49.151000+00:00,182828,13000
11179,COMPLETE,W_Completeren aanvraag,2012-02-01 11:31:25.681000+00:00,2012-01-31 22:11:59.510000+00:00,205465,22500
10899,COMPLETE,W_Nabellen offertes,2012-03-12 13:36:06.423000+00:00,2012-02-26 11:48:17.053000+00:00,212917,18000
11259,SCHEDULE,W_Valideren aanvraag,2012-02-09 16:33:10.292000+00:00,2012-01-07 16:15:07.918000+00:00,198834,22000
11189,COMPLETE,W_Nabellen offertes,2011-11-02 11:07:07.263000+00:00,2011-11-02 09:56:05.117000+00:00,181529,30000
10972,SCHEDULE,W_Nabellen incomplete dossiers,2012-03-02 11:37:25.578000+00:00,2012-02-22 23:20:07.779000+00:00,212009,25000
11121,COMPLETE,W_Completeren aanvraag,2011-11-23 13:36:41.261000+00:00,2011-11-22 10:04:50.348000+00:00,188020,5000
11003,START,W_Nabellen offertes,2012-03-08 16:00:41.234000+00:00,2012-02-27 23:42:58.762000+00:00,213575,30000
10881,START,W_Nabellen offertes,2012-01-30 19:11:34.691000+00:00,2012-01-13 23:53:21.224000+00:00,200770,12000
11202,COMPLETE,O_CREATED,2012-01-31 19:50:56.297000+00:00,2012-01-31 16:40:05.835000+00:00,205340,30000
10881,COMPLETE,W_Completeren aanvraag,2012-01-03 16:53:27.568000+00:00,2011-12-27 10:26:14.417000+00:00,195752,75000
11002,COMPLETE,W_Nabellen incomplete dossiers,2011-12-21 09:43:08.179000+00:00,2011-11-08 00:11:42.036000+00:00,183005,27000
,COMPLETE,W_Completeren aanvraag,2012-01-03 13:13:38.539000+00:00,2012-01-03 13:01:33.236000+00:00,197512,7000
10972,SCHEDULE,W_Nabellen incomplete dossiers,2012-01-23 10:34:31.040000+00:00,2012-01-23 10:19:00.965000+00:00,203152,15000
11169,SCHEDULE,W_Completeren aanvraag,2012-01-27 10:02:38.684000+00:00,2012-01-26 20:52:51.473000+00:00,204314,7500
11049,COMPLETE,W_Nabellen incomplete dossiers,2011-11-03 09:47:38.487000+00:00,2011-10-18 19:18:46.825000+00:00,177941,30000
11049,COMPLETE,W_Nabellen incomplete dossiers,2011-11-17 15:25:19.606000+00:00,2011-11-02 16:18:06.992000+00:00,181691,8000
10909,COMPLETE,O_SELECTED,2011-11-17 20:56:34.071000+00:00,2011-11-17 16:54:29.772000+00:00,186439,60000
11169,START,W_Nabellen incomplete dossiers,2011-10-28 12:41:29.938000+00:00,2011-10-17 22:52:01.596000+00:00,177687,5000
10861,COMPLETE,W_Completeren aanvraag,2011-11-02 13:43:08.238000+00:00,2011-11-02 11:42:47.893000+00:00,181583,20000
10982,START,W_Afhandelen leads,2012-01-28 15:09:50.360000+00:00,2012-01-28 14:49:59.951000+00:00,204625,2500
10789,SCHEDULE,W_Valideren aanvraag,2011-11-11 10:55:34.680000+00:00,2011-11-01 13:30:39.574000+00:00,181297,5000
10138,COMPLETE,A_APPROVED,2011-12-14 16:31:31.010000+00:00,2011-12-05 12:29:49.441000+00:00,191326,16000
11121,COMPLETE,W_Nabellen offertes,2011-10-25 20:00:00.827000+00:00,2011-10-25 19:43:58.313000+00:00,179796,37500
11302,COMPLETE,W_Completeren aanvraag,2012-02-18 14:14:04.208000+00:00,2012-02-17 11:05:05.950000+00:00,210338,10000
112,COMPLETE,A_DECLINED,2012-02-24 19:56:41.164000+00:00,2012-02-24 19:56:03.709000+00:00,212587,12000
11122,COMPLETE,W_Nabellen offertes,2012-02-13 18:25:47.407000+00:00,2012-02-06 16:49:19.644000+00:00,206856,15000
112,COMPLETE,A_PREACCEPTED,2012-01-25 11:20:14.045000+00:00,2012-01-25 11:19:36.726000+00:00,203844,8500
11169,COMPLETE,W_Nabellen incomplete dossiers,2012-02-17 16:25:11.552000+00:00,2012-02-02 23:03:15.262000+00:00,206132,30000
11201,COMPLETE,W_Completeren aanvraag,2012-01-17 13:53:29.713000+00:00,2012-01-16 10:50:37.198000+00:00,201259,10000
112,COMPLETE,A_PARTLYSUBMITTED,2011-11-16 16:25:49.027000+00:00,2011-11-16 16:25:48.747000+00:00,185885,12400
112,COMPLETE,A_DECLINED,2012-02-15 10:02:32.107000+00:00,2012-02-15 10:01:56.563000+00:00,209589,4500
11181,COMPLETE,W_Completeren aanvraag,2011-11-08 19:52:59.086000+00:00,2011-11-02 14:02:58.269000+00:00,181652,5000
11179,COMPLETE,O_CREATED,2011-10-11 10:12:37.766000+00:00,2011-10-11 09:42:11.310000+00:00,176134,25000
,SCHEDULE,W_Valideren aanvraag,2011-11-18 12:58:41.360000+00:00,2011-11-13 15:19:35.586000+00:00,184991,20000
11202,COMPLETE,O_CANCELLED,2012-01-27 19:50:51.072000+00:00,2012-01-27 12:35:12.353000+00:00,204421,15000
10912,COMPLETE,O_CREATED,2012-02-04 11:26:19.347000+00:00,2012-02-03 17:04:58.182000+00:00,206315,7000
10939,START,W_Completeren aanvraag,2011-12-20 13:22:36.487000+00:00,2011-12-17 15:41:10.952000+00:00,194233,15000
10629,COMPLETE,W_Valideren aanvraag,2011-11-22 13:31:47.006000+00:00,2011-11-11 16:21:44.243000+00:00,184604,14000
11189,COMPLETE,A_FINALIZED,2011-11-15 09:44:02.128000+00:00,2011-11-15 09:29:34.755000+00:00,185452,7000
10972,START,W_Valideren aanvraag,2011-11-02 12:14:09.694000+00:00,2011-10-20 13:24:27.641000+00:00,178557,20000
11000,SCHEDULE,W_Nabellen offertes,2012-02-16 12:30:42.180000+00:00,2012-02-15 18:23:54.565000+00:00,209814,25000
112,SCHEDULE,W_Afhandelen leads,2011-12-30 14:16:37.454000+00:00,2011-12-30 14:15:56.402000+00:00,196726,25000
112,COMPLETE,A_SUBMITTED,2011-12-30 11:52:19.796000+00:00,2011-12-30 11:52:19.796000+00:00,196696,3000
10861,START,W_Nabellen incomplete dossiers,2011-10-28 11:54:08.801000+00:00,2011-10-17 22:52:01.596000+00:00,177687,5000
10138,COMPLETE,A_ACTIVATED,2012-02-15 15:27:12.310000+00:00,2012-01-07 21:43:12.759000+00:00,198903,4000
10971,COMPLETE,O_CREATED,2011-12-16 13:52:15.418000+00:00,2011-11-23 14:38:29.147000+00:00,188452,8000
10861,COMPLETE,O_SENT,2011-11-09 14:59:33.985000+00:00,2011-11-09 13:17:58.051000+00:00,183432,20000
